job_title,company,location,category,job_type,salary_raw,tags,date_posted,url,scraped_at
Python SWE,Mercor,"Canada, Europe, UK, US",Engineering,Freelance,,"Engineer, Python, Software Engineer",2026-04-27,https://nodesk.co/remote-jobs/mercor-python-swe/,2026-04-27 12:29:23
Senior Full-stack Developer,Lemon.io,"Americas, Asia, Europe, Oceania",Engineering,Full-Time,,"Developer, Engineer, Full Stack Developer, Python, React, Ruby, Ruby on Rails",2026-04-27,https://nodesk.co/remote-jobs/lemon-io-senior-full-stack-developer/,2026-04-27 12:29:23
Senior IT Engineer,Gradle,North America (EST),Engineering,Full-Time,$110K – $140K,Engineer,2026-04-27,https://nodesk.co/remote-jobs/gradle-senior-it-engineer/,2026-04-27 12:29:23
Staff Frontend Engineer,Medium,US,Engineering,Full-Time,$200K – $265K,"Engineer, Frontend Engineer",2026-04-27,https://nodesk.co/remote-jobs/medium-staff-frontend-engineer/,2026-04-27 12:29:23
Analytics Engineer,Axios,US,Engineering,Full-Time,$130K – $155K,Engineer,2026-04-27,https://nodesk.co/remote-jobs/axios-analytics-engineer/,2026-04-27 12:29:23
Software Engineer,Instructure,US,Engineering,Full-Time,$75K – $109K,"Engineer, Software Engineer",2026-04-27,https://nodesk.co/remote-jobs/instructure-software-engineer/,2026-04-27 12:29:23
"Senior QA Engineer, Data Integrations",Coursedog,US,Engineering,Full-Time,$80K – $90K,"Engineer, QA",2026-04-27,https://nodesk.co/remote-jobs/coursedog-senior-qa-engineer-data-integrations/,2026-04-27 12:29:23
"Senior Software Engineer, Backend",Customer.io,EMEA,Engineering,Full-Time,$150K – $200K,"Backend Engineer, Engineer, Software Engineer",2026-04-27,https://nodesk.co/remote-jobs/customer-io-senior-software-engineer-backend/,2026-04-27 12:29:23
Senior Software Engineer,Cloudlinux,Europe,Engineering,Full-Time,,"Engineer, Software Engineer",2026-04-27,https://nodesk.co/remote-jobs/cloudlinux-senior-software-engineer/,2026-04-27 12:29:23
VP of Engineering,Help Scout,US,Engineering,Full-Time,$261K – $290K,Engineering Manager,2026-04-27,https://nodesk.co/remote-jobs/help-scout-vp-of-engineering/,2026-04-27 12:29:23
Lead Fullstack Engineer,Superside,Worldwide,Engineering,Contract,,"Engineer, Full Stack Engineer",2026-04-27,https://nodesk.co/remote-jobs/superside-lead-fullstack-engineer/,2026-04-27 12:29:23
TechOps Platform Manager,Monzo,UK,Engineering,Full-Time,£75K – £95K,Non-Tech,2026-04-27,https://nodesk.co/remote-jobs/monzo-techops-platform-manager/,2026-04-27 12:29:23
Backend Engineer,Pleo,"Denmark, Portugal, Spain, UK",Engineering,Full-Time,,"Backend Engineer, Engineer",2026-04-27,https://nodesk.co/remote-jobs/pleo-backend-engineer/,2026-04-27 12:29:23
Senior DevOps Engineer,Postscript,"Canada, US",Engineering,Full-Time,$161K – $189K,"DevOps, Engineer",2026-04-27,https://nodesk.co/remote-jobs/postscript-senior-devops-engineer/,2026-04-27 12:29:23
0to1 Engineer,Mozilla,US,Engineering,Full-Time,$200K – $227.25K,Engineer,2026-04-27,https://nodesk.co/remote-jobs/mozilla-0to1-engineer/,2026-04-27 12:29:23
Java Software Engineer,8x8,UK,Engineering,Full-Time,,"Engineer, Java, Software Engineer",2026-04-27,https://nodesk.co/remote-jobs/8x8-java-software-engineer/,2026-04-27 12:29:23
Senior JavaScript Software Engineer,NearForm,UK,Engineering,Full-Time,,"Engineer, JavaScript, Software Engineer",2026-04-27,https://nodesk.co/remote-jobs/nearform-senior-javascript-software-engineer/,2026-04-27 12:29:23
Senior Software Engineer I,SurveyMonkey,Canada,Engineering,Full-Time,C$103.2K – C$129K,"Engineer, Software Engineer",2026-04-27,https://nodesk.co/remote-jobs/surveymonkey-senior-software-engineer-i/,2026-04-27 12:29:23
Senior Android Engineer,DuckDuckGo,Worldwide,Engineering,Full-Time,$178.5K,"Android, Developer, Mobile Developer",2026-04-27,https://nodesk.co/remote-jobs/duckduckgo-senior-android-engineer/,2026-04-27 12:29:23
Senior Engineering Manager,Gradle,Europe,Engineering,Full-Time,,Engineering Manager,2026-04-27,https://nodesk.co/remote-jobs/gradle-senior-engineering-manager/,2026-04-27 12:29:23
Senior Frontend Engineer,Postscript,US,Engineering,Full-Time,$172K – $203K,"Engineer, Frontend Engineer, React, TypeScript",2026-04-27,https://nodesk.co/remote-jobs/postscript-senior-frontend-engineer/,2026-04-27 12:29:23
"Senior Software Engineer, Mobile",Headspace,US,Engineering,Full-Time,$122.4K – $195.5K,"Engineer, Software Engineer",2026-04-27,https://nodesk.co/remote-jobs/headspace-senior-software-engineer-mobile/,2026-04-27 12:29:23
Associate QA Manager,Bitwarden,US,Engineering,Full-Time,$110K – $140K,QA,2026-04-27,https://nodesk.co/remote-jobs/bitwarden-associate-qa-manager/,2026-04-27 12:29:23
Full Stack Software Engineer,Maze,"Portugal, UK",Engineering,Full-Time,€100.5K – €118.205K,"Engineer, Full Stack Engineer",2026-04-27,https://nodesk.co/remote-jobs/maze-full-stack-software-engineer/,2026-04-27 12:29:23
Senior Frontend Platform Engineer,Pleo,"Denmark, Portugal, Spain, United Kingdom",Engineering,Full-Time,,"Engineer, Frontend Engineer",2026-04-27,https://nodesk.co/remote-jobs/pleo-senior-frontend-platform-engineer/,2026-04-27 12:29:23
Staff Software Engineer - Social Commerce,Discord,US,Engineering,Full-Time,$248K – $279K,"Engineer, Software Engineer",2026-04-27,https://nodesk.co/remote-jobs/discord-staff-software-engineer-social-commerce/,2026-04-27 12:29:23
"Customer Success Engineer, VIP",Automattic,Worldwide,Engineering,Full-Time,$70K – $150K,"Customer Success, Engineer",2026-04-27,https://nodesk.co/remote-jobs/automattic-customer-success-engineer-vip/,2026-04-27 12:29:23
Senior iOS Engineer,DuckDuckGo,US,Engineering,Full-Time,$178.5K,"Engineer, iOS, Mobile Developer, Objective-C, Swift",2026-04-27,https://nodesk.co/remote-jobs/duckduckgo-senior-ios-engineer/,2026-04-27 12:29:23
Senior Software Engineer - Backend,CB Insights,US,Engineering,Full-Time,$140K – $173K,"Backend Engineer, Engineer, Software Engineer",2026-04-27,https://nodesk.co/remote-jobs/cb-insights-senior-software-engineer-backend/,2026-04-27 12:29:23
Senior UX Engineer,Netlify,Worldwide,Engineering,Full-Time,,Engineer,2026-04-27,https://nodesk.co/remote-jobs/netlify-senior-ux-engineer/,2026-04-27 12:29:23
Data Science Manager,Mural,Canada,Engineering,Full-Time,,Data Scientist,2026-04-27,https://nodesk.co/remote-jobs/mural-data-science-manager/,2026-04-27 12:29:23
Principal AI Application Engineer,Code for America,US,Engineering,Full-Time,$143.884K – $176.138K,"AI, Engineer",2026-04-27,https://nodesk.co/remote-jobs/code-for-america-principal-ai-application-engineer/,2026-04-27 12:29:23
Senior AI Engineer,GitLab,EMEA,Engineering,Full-Time,,"AI, Engineer",2026-04-27,https://nodesk.co/remote-jobs/gitlab-senior-ai-engineer/,2026-04-27 12:29:23
Senior Infrastructure Engineer,Freedom of the Press Foundation,US,Engineering,Full-Time,$130K – $145K,"Engineer, Infrastructure Engineer, Nonprofit",2026-04-27,https://nodesk.co/remote-jobs/freedom-of-the-press-foundation-senior-infrastructure-engineer/,2026-04-27 12:29:23
Staff DevOps Engineer,Automattic,Worldwide,Engineering,Full-Time,$70K – $170K,"DevOps, Engineer",2026-04-27,https://nodesk.co/remote-jobs/automattic-staff-devops-engineer/,2026-04-27 12:29:23
"Staff Software Engineer, Add-on Operations",Mozilla,"Canada, France, UK",Engineering,Full-Time,,"Engineer, Software Engineer",2026-04-27,https://nodesk.co/remote-jobs/mozilla-staff-software-engineer-add-on-operations/,2026-04-27 12:29:23
Full Stack Software Engineer - Growth,Substack,US,Engineering,Full-Time,$140K – $260K,"Engineer, Full Stack Engineer, Software Engineer",2026-04-27,https://nodesk.co/remote-jobs/substack-full-stack-software-engineer-growth/,2026-04-27 12:29:23
Senior Security Operations Engineer,Apollo,Poland,Engineering,Full-Time,,"Engineer, Security",2026-04-27,https://nodesk.co/remote-jobs/apollo-senior-security-operations-engineer/,2026-04-27 12:29:23
"Software Engineer III, Fundraising Tech",Wikimedia Foundation,US,Engineering,Full-Time,$92.267K – $118.045K,"Engineer, Nonprofit, Open Source, Software Engineer",2026-04-27,https://nodesk.co/remote-jobs/wikimedia-foundation-software-engineer-iii-fundraising-tech/,2026-04-27 12:29:23
Evangelist Intern,Twilio,US,Internship,,,"Entry-Level, Evangelist",2026-04-27,https://nodesk.co/remote-jobs/twilio-evangelist-intern/,2026-04-27 12:29:23
Senior Software Engineer,Omada Health,US,Engineering,Full-Time,$171.6K – $224.3K,"AWS, Docker, Engineer, GraphQL, Kubernetes, React, Ruby on Rails, Software Engineer",2026-04-27,https://nodesk.co/remote-jobs/omada-health-senior-software-engineer/,2026-04-27 12:29:23
Senior Backend Developer (Node.js / Nest.js),Proxify,"Europe, North America, South America",Engineering,Freelance,,"Backend Developer, Developer, Node.js, Software Developer",2026-04-27,https://nodesk.co/remote-jobs/proxify-senior-backend-developer-node-js-nest-js/,2026-04-27 12:29:23
Senior Software Engineer (Full-stack),DNSFilter,US,Engineering,Full-Time,$110K – $125K,"Engineer, Full Stack Engineer, Software Engineer",2026-04-27,https://nodesk.co/remote-jobs/dnsfilter-senior-software-engineer-full-stack/,2026-04-27 12:29:23
Software Engineer,Modern Treasury,US,Engineering,Full-Time,$120K – $240K,"Engineer, Software Engineer",2026-04-27,https://nodesk.co/remote-jobs/modern-treasury-software-engineer/,2026-04-27 12:29:23
Staff Site Reliability Engineer,Gradle,US,Engineering,Full-Time,,Engineer,2026-04-27,https://nodesk.co/remote-jobs/gradle-staff-site-reliability-engineer/,2026-04-27 12:29:23
"Engineering Manager, Navigation",Mapbox,Germany,Engineering,Full-Time,,Engineering Manager,2026-04-27,https://nodesk.co/remote-jobs/mapbox-engineering-manager-navigation/,2026-04-27 12:29:23
Open Source Program Developer,Datadog,France,Engineering,Full-Time,,"Developer, Open Source",2026-04-27,https://nodesk.co/remote-jobs/datadog-open-source-program-developer/,2026-04-27 12:29:23
Senior Developer Advocate (Android Specialist),RevenueCat,"Americas, EMEA",Engineering,Full-Time,$227K,"Android, Developer Advocate",2026-04-27,https://nodesk.co/remote-jobs/revenuecat-senior-developer-advocate-android-specialist/,2026-04-27 12:29:23
"Senior Frontend Developer, Design Systems",1Password,US,Engineering,Full-Time,$153K – $214K,"Developer, Frontend Developer",2026-04-27,https://nodesk.co/remote-jobs/1password-senior-frontend-developer-design-systems/,2026-04-27 12:29:23
"Staff Developer, Frontend",AgencyAnalytics,Canada,Engineering,Full-Time,C$144K – C$216K,"Developer, Frontend Developer",2026-04-27,https://nodesk.co/remote-jobs/agencyanalytics-staff-developer-frontend/,2026-04-27 12:29:23
Client Support Specialist (Workplaces - B2B),Clipboard Health,"Canada, Europe, UK",Customer Support,Full-Time,$24K – $40K,"Customer Success, Non-Tech",2026-04-27,https://nodesk.co/remote-jobs/clipboard-health-client-support-specialist-workplaces-b2b/,2026-04-27 12:29:26
High-Paying Hourly Enrollment Specialist,VP Education Group,Worldwide,Customer Support,Contract,$50K – $80K,Customer Success,2026-04-27,https://nodesk.co/remote-jobs/vp-education-group-high-paying-hourly-enrollment-specialist/,2026-04-27 12:29:26
"Support Manager, West",Shopify,Canada,Customer Support,Full-Time,,Non-Tech,2026-04-27,https://nodesk.co/remote-jobs/shopify-support-manager-west/,2026-04-27 12:29:26
Principal Customer Success Manager,Seeq,Worldwide,Customer Support,Full-Time,,"Customer Success, Non-Tech",2026-04-27,https://nodesk.co/remote-jobs/seeq-principal-customer-success-manager/,2026-04-27 12:29:26
"Customer Success Manager, UK",SecurityScorecard,UK,Customer Support,Full-Time,,"Customer Success, Non-Tech",2026-04-27,https://nodesk.co/remote-jobs/securityscorecard-customer-success-manager-uk/,2026-04-27 12:29:26
UK Support Specialist,Substack,UK,Customer Support,Full-Time,,Non-Tech,2026-04-27,https://nodesk.co/remote-jobs/substack-uk-support-specialist/,2026-04-27 12:29:26
Customer Experience Manager (CEM),Bugcrowd,US,Customer Support,Full-Time,$83.2K – $104K,"Customer Success, Security",2026-04-27,https://nodesk.co/remote-jobs/bugcrowd-customer-experience-manager-cem/,2026-04-27 12:29:26
Head of Support,Plaid,US,Customer Support,Full-Time,$124.8K – $223.2K,Non-Tech,2026-04-27,https://nodesk.co/remote-jobs/plaid-head-of-support/,2026-04-27 12:29:26
"Senior Director, Customer Success",Customer.io,Americas,Customer Support,Full-Time,$200K – $220K,"Customer Success, Non-Tech",2026-04-27,https://nodesk.co/remote-jobs/customer-io-senior-director-customer-success/,2026-04-27 12:29:26
"Manager, Customer Support",Boulevard,US,Customer Support,Full-Time,$67K – $95K,Non-Tech,2026-04-27,https://nodesk.co/remote-jobs/boulevard-manager-customer-support/,2026-04-27 12:29:26
"Manager, Customer Success EMEA",1Password,UK,Customer Support,Full-Time,,"Customer Success, Non-Tech",2026-04-27,https://nodesk.co/remote-jobs/1password-manager-customer-success-emea/,2026-04-27 12:29:26
"Manager, Customer Onboarding",Deel,"North America, US",Customer Support,Full-Time,,Non-Tech,2026-04-27,https://nodesk.co/remote-jobs/deel-manager-customer-onboarding/,2026-04-27 12:29:26
Customer Success Manager,Dropbox,US,Customer Support,Full-Time,$126.8K – $193.1K,"Customer Success, Non-Tech",2026-04-27,https://nodesk.co/remote-jobs/dropbox-customer-success-manager/,2026-04-27 12:29:26
Enterprise Customer Success Manager,Omada Health,US,Customer Support,Full-Time,$147.04K – $183K,Customer Success,2026-04-27,https://nodesk.co/remote-jobs/omada-health-enterprise-customer-success-manager/,2026-04-27 12:29:26
Customer Support Agent (Contractor),ClassDojo,US,Customer Support,Contract,,Non-Tech,2026-04-27,https://nodesk.co/remote-jobs/classdojo-customer-support-agent-contractor/,2026-04-27 12:29:26
Customer Experience Specialist,Bugcrowd,India,Customer Support,Full-Time,,"Customer Success, Security",2026-04-27,https://nodesk.co/remote-jobs/bugcrowd-customer-experience-specialist/,2026-04-27 12:29:26
"Customer Success Manager, SMB",Boulevard,US,Customer Support,Full-Time,$80K,"Customer Success, Non-Tech",2026-04-27,https://nodesk.co/remote-jobs/boulevard-customer-success-manager-smb/,2026-04-27 12:29:26
Customer Support Specialist - Weekend,Mercury,US,Customer Support,Full-Time,$43.3K – $58.4K,Non-Tech,2026-04-27,https://nodesk.co/remote-jobs/mercury-customer-support-specialist-weekend/,2026-04-27 12:29:26
Senior Customer Success Manager,Seeq,US,Customer Support,Full-Time,,"Customer Success, Non-Tech",2026-04-27,https://nodesk.co/remote-jobs/seeq-senior-customer-success-manager/,2026-04-27 12:29:26
Senior Customer Success Operations Lead,Zoom,US,Customer Support,Full-Time,$76.8K – $186.2K,"Customer Success, Non-Tech, Operations Manager",2026-04-27,https://nodesk.co/remote-jobs/zoom-senior-customer-success-operations-lead/,2026-04-27 12:29:26
Strategic Customer Success Manager (New York),PagerDuty,New York,Customer Support,Full-Time,,"Customer Success, Non-Tech",2026-04-27,https://nodesk.co/remote-jobs/pagerduty-strategic-customer-success-manager-new-york/,2026-04-27 12:29:26
Customer Experience Agent (Evening Shift),Ramp,US,Customer Support,Full-Time,$60K – $70K,"Customer Success, Non-Tech",2026-04-27,https://nodesk.co/remote-jobs/ramp-customer-experience-agent-evening-shift/,2026-04-27 12:29:26
Customer Support Representative,Perspective,US,Customer Support,Full-Time,,Non-Tech,2026-04-27,https://nodesk.co/remote-jobs/perspective-customer-support-representative/,2026-04-27 12:29:26
Customer Success Manager,Recharge,"Canada, US",Customer Support,Full-Time,,"Customer Success, Non-Tech",2026-04-27,https://nodesk.co/remote-jobs/recharge-customer-success-manager/,2026-04-27 12:29:26
Support Agent,Descript,US,Customer Support,Full-Time,$62K – $95K,Non-Tech,2026-04-27,https://nodesk.co/remote-jobs/descript-support-agent/,2026-04-27 12:29:26
Senior Customer Success Manager,Mural,"Canada, US",Customer Support,Full-Time,$150K – $180K,"Customer Success, Non-Tech",2026-04-27,https://nodesk.co/remote-jobs/mural-senior-customer-success-manager/,2026-04-27 12:29:26
"Technical Support Associate, Argentina",Webflow,Argentina,Customer Support,Full-Time,,Technical Support,2026-04-27,https://nodesk.co/remote-jobs/webflow-technical-support-associate-argentina/,2026-04-27 12:29:26
"Customer Success Manager, DACH",GitLab,Germany,Customer Support,Full-Time,,"Customer Success, Non-Tech",2026-04-27,https://nodesk.co/remote-jobs/gitlab-customer-success-manager-dach/,2026-04-27 12:29:26
"Merchant Support Advisor, Canada PST or MST",Shopify,Canada,Customer Support,Full-Time,,"Customer Success, Non-Tech",2026-04-27,https://nodesk.co/remote-jobs/shopify-merchant-support-advisor-canada-pst-or-mst/,2026-04-27 12:29:26
Senior Technical Support Specialist,FullStory,US,Customer Support,Full-Time,$72.5K – $77.5K,Technical Support,2026-04-27,https://nodesk.co/remote-jobs/fullstory-senior-technical-support-specialist/,2026-04-27 12:29:26
"Manager, Customer Success APAC",SecurityScorecard,Asia,Customer Support,Full-Time,,"Customer Success, Non-Tech",2026-04-27,https://nodesk.co/remote-jobs/securityscorecard-manager-customer-success-apac/,2026-04-27 12:29:26
Senior CSM,Rasa,US,Customer Support,Full-Time,$110K – $140K,"Customer Success, Non-Tech",2026-04-27,https://nodesk.co/remote-jobs/rasa-senior-csm/,2026-04-27 12:29:26
Customer Onboarding Manager - DACH,Pleo,Germany,Customer Support,Full-Time,,Non-Tech,2026-04-27,https://nodesk.co/remote-jobs/pleo-customer-onboarding-manager-dach/,2026-04-27 12:29:26
Senior Customer Success Manager - UK/Netherlands,Apollo,UK,Customer Support,Full-Time,,"Customer Success, Non-Tech",2026-04-27,https://nodesk.co/remote-jobs/apollographql-senior-customer-success-manager-uk-netherlands/,2026-04-27 12:29:26
Sr. Support Manager,Help Scout,"Canada, US",Customer Support,Full-Time,$133K – $150K,Non-Tech,2026-04-27,https://nodesk.co/remote-jobs/help-scout-sr-support-manager/,2026-04-27 12:29:26
Customer Care Representative (EMEA),Livestorm,Paris timezone,Customer Support,Full-Time,€30K – €34K,"French, Non-Tech",2026-04-27,https://nodesk.co/remote-jobs/livestorm-customer-care-representative-emea/,2026-04-27 12:29:26
Customer Success Manager II | AUS,Deel,Australia,Customer Support,Full-Time,,"Customer Success, Non-Tech",2026-04-27,https://nodesk.co/remote-jobs/deel-customer-success-manager-ii-aus/,2026-04-27 12:29:26
Associate Customer Support Specialist,Fleetio,US,Customer Support,Full-Time,,Non-Tech,2026-04-27,https://nodesk.co/remote-jobs/fleetio-associate-customer-support-specialist/,2026-04-27 12:29:26
Customer Success Manager,Codacy,"Portugal, UK",Customer Support,Full-Time,,"Customer Success, Non-Tech",2026-04-27,https://nodesk.co/remote-jobs/codacy-customer-success-manager/,2026-04-27 12:29:26
Customer Success Manager I | French Speaking,Deel,"Belgium, France, Spain",Customer Support,Full-Time,,"Customer Success, French, Non-Tech",2026-04-27,https://nodesk.co/remote-jobs/deel-customer-success-manager-i-french-speaking/,2026-04-27 12:29:26
"Customer Success Manager, Mid-Market - DX",Atlassian,UK,Customer Support,Full-Time,,"Customer Success, Non-Tech",2026-04-27,https://nodesk.co/remote-jobs/atlassian-customer-success-manager-mid-market-dx/,2026-04-27 12:29:26
"Senior Customer Success Manager, Commercial (German)",1Password,UK,Customer Support,Full-Time,,"Customer Success, German, Non-Tech",2026-04-27,https://nodesk.co/remote-jobs/1password-senior-customer-success-manager-commercial-german/,2026-04-27 12:29:26
Customer Success Manager (EMEA),Livestorm,Worldwide,Customer Support,Full-Time,€45K – €50K,"Customer Success, Non-Tech",2026-04-27,https://nodesk.co/remote-jobs/livestorm-customer-success-manager-emea/,2026-04-27 12:29:26
"Lead, Customer Experience",Ramp,US,Customer Support,Full-Time,$88K – $132K,Non-Tech,2026-04-27,https://nodesk.co/remote-jobs/ramp-lead-customer-experience/,2026-04-27 12:29:26
"Merchant Support Advisor, Ireland",Shopify,Ireland,Customer Support,Full-Time,,"Customer Success, Non-Tech",2026-04-27,https://nodesk.co/remote-jobs/shopify-merchant-support-advisor-ireland/,2026-04-27 12:29:26
Customer Success Manager,Uscreen,Worldwide,Customer Support,Full-Time,,"Customer Success, Non-Tech",2026-04-27,https://nodesk.co/remote-jobs/uscreen-customer-success-manager/,2026-04-27 12:29:26
"Customer Success Manager, Mid-Market",Boulevard,US,Customer Support,Full-Time,$80K,"Customer Success, Non-Tech",2026-04-27,https://nodesk.co/remote-jobs/boulevard-customer-success-manager-mid-market/,2026-04-27 12:29:26
Associate Manager | Customer Experience,Ramp,US,Customer Support,Full-Time,$88K – $132K,Non-Tech,2026-04-27,https://nodesk.co/remote-jobs/ramp-associate-manager-customer-experience/,2026-04-27 12:29:26
Senior Customer Operations Manager,Apollo,US,Customer Support,Full-Time,$165K – $185K,"Non-Tech, Operations Manager",2026-04-27,https://nodesk.co/remote-jobs/apollo-senior-customer-operations-manager/,2026-04-27 12:29:26
Senior Customer Success Manager - UK,Apollo,UK,Customer Support,Full-Time,£95K – £112K,"Customer Success, Non-Tech",2026-04-27,https://nodesk.co/remote-jobs/apollographql-senior-customer-success-manager-uk/,2026-04-27 12:29:26
Lead Product Designer,Octopus Deploy,"Australia, New Zealand",Design,Full-Time,,"Product, Product Designer",2026-04-27,https://nodesk.co/remote-jobs/octopus-deploy-lead-product-designer/,2026-04-27 12:29:28
Lead UX Researcher,Descript,US,Design,Full-Time,$166K – $225K,,2026-04-27,https://nodesk.co/remote-jobs/descript-lead-ux-researcher/,2026-04-27 12:29:28
"Sr. Dir, Design Infrastructure",GitHub,US,Design,Full-Time,$160.2K – $425K,Design Manager,2026-04-27,https://nodesk.co/remote-jobs/github-sr-dir-design-infrastructure/,2026-04-27 12:29:28
"Principal Product Designer, Integrated Workflows",Mural,Canada,Design,Full-Time,,"Product, Product Designer",2026-04-27,https://nodesk.co/remote-jobs/mural-principal-product-designer-integrated-workflows/,2026-04-27 12:29:28
Senior Design Engineer,Buffer,Worldwide,Design,Full-Time,$156.5K – $202.3K,"Designer, Engineer",2026-04-27,https://nodesk.co/remote-jobs/buffer-senior-design-engineer/,2026-04-27 12:29:28
Staff Content Designer - Meals and Health,Instacart,US,Design,Full-Time,$194K – $246K,,2026-04-27,https://nodesk.co/remote-jobs/instacart-staff-content-designer-meals-and-health/,2026-04-27 12:29:28
Senior Content Designer,Dropbox,Canada,Design,Full-Time,C$140.3K – C$189.7K,,2026-04-27,https://nodesk.co/remote-jobs/dropbox-senior-content-designer/,2026-04-27 12:29:28
Senior Design Engineer,GitHub,US,Design,Full-Time,$124K – $329.2K,"CSS, Designer, Engineer, HTML, JavaScript, React",2026-04-27,https://nodesk.co/remote-jobs/github-senior-design-engineer/,2026-04-27 12:29:28
Sr. Brand Designer II,Articulate,US,Design,Full-Time,$122.6K – $162.392K,Brand Designer,2026-04-27,https://nodesk.co/remote-jobs/articulate-sr-brand-designer-ii/,2026-04-27 12:29:28
Product Designer (Kineto),JetBrains,Germany,Design,Full-Time,,"Product, Product Designer",2026-04-27,https://nodesk.co/remote-jobs/jetbrains-product-designer-kineto/,2026-04-27 12:29:28
Staff Product Designer,Webflow,US,Design,Full-Time,$164K – $238K,"Product, Product Designer",2026-04-27,https://nodesk.co/remote-jobs/webflow-staff-product-designer/,2026-04-27 12:29:28
Brand Designer,Doist,Worldwide,Design,Full-Time,,Brand Designer,2026-04-27,https://nodesk.co/remote-jobs/doist-brand-designer/,2026-04-27 12:29:28
"Brand Designer, Product Demos",Figma,US,Design,Full-Time,$153K – $269K,Brand Designer,2026-04-27,https://nodesk.co/remote-jobs/figma-brand-designer-product-demos/,2026-04-27 12:29:28
"Staff Product Designer, Business Banking",Monzo,UK,Design,Full-Time,£110K – £125K,"Product, Product Designer",2026-04-27,https://nodesk.co/remote-jobs/monzo-staff-product-designer-business-banking/,2026-04-27 12:29:28
Art Director,Chess.com,Worldwide,Design,Full-Time,,,2026-04-27,https://nodesk.co/remote-jobs/chess-com-art-director/,2026-04-27 12:29:28
"Senior Marketing Designer, Web & Performance",Close,US,Design,Full-Time,,Marketing Designer,2026-04-27,https://nodesk.co/remote-jobs/close-senior-marketing-designer-web-performance/,2026-04-27 12:29:28
Staff Design Engineer (UK),GitHub,UK,Design,Full-Time,,"CSS, Designer, Engineer, HTML, JavaScript, React",2026-04-27,https://nodesk.co/remote-jobs/github-staff-design-engineer-uk/,2026-04-27 12:29:28
"Senior Product Designer (Mobile, Web, Consumer Commerce & Product)",Modus Create,US,Design,Full-Time,,"Product, Product Designer",2026-04-27,https://nodesk.co/remote-jobs/modus-create-senior-product-designer-mobile-web-consumer-commerce-product/,2026-04-27 12:29:28
Staff Product Designer,Omada Health,US,Design,Full-Time,$167.2K – $218.5K,"Product, Product Designer",2026-04-27,https://nodesk.co/remote-jobs/omada-health-staff-product-designer/,2026-04-27 12:29:28
Senior/Staff Growth Product Designer,Pleo,"Denmark, Germany, Portugal, Spain, Sweden, United Kingdom",Design,Full-Time,,"Designer, Product Designer",2026-04-27,https://nodesk.co/remote-jobs/pleo-senior-staff-growth-product-designer/,2026-04-27 12:29:28
"Manager, Product Design",Figma,US,Design,Full-Time,$204K – $348K,"Design Manager, Product, Product Designer",2026-04-27,https://nodesk.co/remote-jobs/figma-manager-product-design/,2026-04-27 12:29:28
"Senior Product Designer II, Customer Journey",HubSpot,UK,Design,Full-Time,,"Product, Product Designer",2026-04-27,https://nodesk.co/remote-jobs/hubspot-senior-product-designer-ii-customer-journey/,2026-04-27 12:29:28
Lead Product Designer,Circle,Worldwide,Design,Full-Time,$140K – $170K,"Product, Product Designer",2026-04-27,https://nodesk.co/remote-jobs/circle-lead-product-designer/,2026-04-27 12:29:28
Product Designer II - Consumer,Instacart,US,Design,Full-Time,$124K – $157K,"Product, Product Designer",2026-04-27,https://nodesk.co/remote-jobs/instacart-product-designer-ii-consumer/,2026-04-27 12:29:28
"Product Designer, Social",Chess.com,Worldwide,Design,Full-Time,,"Product, Product Designer",2026-04-27,https://nodesk.co/remote-jobs/chess-com-product-designer-social/,2026-04-27 12:29:28
Senior Product Designer,1Password,"Canada, US",Design,Full-Time,$148K – $207K,"Product, Product Designer",2026-04-27,https://nodesk.co/remote-jobs/1password-senior-product-designer/,2026-04-27 12:29:28
Lead Product Designer,Cycloid,"Europe, UK",Design,Full-Time,,"Product, Product Designer",2026-04-27,https://nodesk.co/remote-jobs/cycloid-lead-product-designer/,2026-04-27 12:29:28
"Product Designer, Growth Pricing",Stripe,UK,Design,Full-Time,,"Product, Product Designer",2026-04-27,https://nodesk.co/remote-jobs/stripe-product-designer-growth-pricing/,2026-04-27 12:29:28
"Staff Product Designer, Dash",Dropbox,US,Design,Full-Time,$178.2K – $271.2K,"Product, Product Designer",2026-04-27,https://nodesk.co/remote-jobs/dropbox-staff-product-designer-dash/,2026-04-27 12:29:28
Product Designer,H1,US,Design,Full-Time,$110K – $137K,"Product, Product Designer",2026-04-27,https://nodesk.co/remote-jobs/h1-product-designer/,2026-04-27 12:29:28
"Designer, Brand",Morning Brew,US,Design,Full-Time,$70K – $80K,"Brand Designer, Designer",2026-04-27,https://nodesk.co/remote-jobs/morning-brew-designer-brand/,2026-04-27 12:29:28
"Manager, Product Design - Engagement",Discord,US,Design,Full-Time,$220K – $247.5K,"Designer, Product Designer",2026-04-27,https://nodesk.co/remote-jobs/discord-manager-product-design-engagement/,2026-04-27 12:29:28
"Principal Product Designer, CoreX AI",Gusto,Canada,Design,Full-Time,,"Product, Product Designer",2026-04-27,https://nodesk.co/remote-jobs/gusto-principal-product-designer-corex-ai/,2026-04-27 12:29:28
"Senior Product Designer, Growth",Reddit,US,Design,Full-Time,$180.2K – $252.3K,"Product, Product Designer",2026-04-27,https://nodesk.co/remote-jobs/reddit-senior-product-designer-growth/,2026-04-27 12:29:28
Senior Brand Designer (Marketing),Metalab,PST to GMT time zones,Design,Full-Time,,Brand Designer,2026-04-27,https://nodesk.co/remote-jobs/metalab-senior-brand-designer-marketing/,2026-04-27 12:29:28
"Product Designer, Digital (LUMA)",Mural,US,Design,Full-Time,,"Product, Product Designer",2026-04-27,https://nodesk.co/remote-jobs/mural-product-designer-digital-luma/,2026-04-27 12:29:28
Senior Brand Designer - Campaigns,Mercury,"Canada, US",Design,Full-Time,$154.2K – $192.8K,Brand Designer,2026-04-27,https://nodesk.co/remote-jobs/mercury-senior-brand-designer-campaigns/,2026-04-27 12:29:28
AI Vibe Coding Web Designer,B12,"Brazil, Canada, India, Philippines, Spain, US",Design,Full-Time,,"AI, Web Designer",2026-04-27,https://nodesk.co/remote-jobs/b12-ai-vibe-coding-web-designer/,2026-04-27 12:29:28
Staff Product Designer,Apollo,US,Design,Full-Time,$178.4K – $256.5K,"Product, Product Designer",2026-04-27,https://nodesk.co/remote-jobs/apollo-staff-product-designer/,2026-04-27 12:29:28
Senior Product Designer,15Five,US,Design,Full-Time,$112.5K – $150K,"Product, Product Designer",2026-04-27,https://nodesk.co/remote-jobs/15five-product-designer/,2026-04-27 12:29:28
Senior/Staff/Principal Service Designer (CMS),Skylight,US,Design,Full-Time,$90K – $230K,Designer,2026-04-27,https://nodesk.co/remote-jobs/skylight-senior-staff-principal-service-designer-cms/,2026-04-27 12:29:28
Product Designer,Dropbox,Poland,Design,Full-Time,,"Product, Product Designer",2026-04-27,https://nodesk.co/remote-jobs/dropbox-product-designer/,2026-04-27 12:29:28
Senior UX Designer,Later,US,Design,Full-Time,C$40K – C$59K,UX Designer,2026-04-27,https://nodesk.co/remote-jobs/later-senior-ux-designer/,2026-04-27 12:29:28
"Senior Design Manager, AI",Atlassian,US,Design,Full-Time,$180.9K – $283.175K,"AI, Design Manager",2026-04-27,https://nodesk.co/remote-jobs/atlassian-senior-design-manager-ai/,2026-04-27 12:29:28
"Staff Product Designer, Core UX Design",GitHub,Canada,Design,Full-Time,,"Product, Product Designer",2026-04-27,https://nodesk.co/remote-jobs/github-staff-product-designer-core-ux-design/,2026-04-27 12:29:28
Product Design Lead,Superside,Worldwide,Design,Full-Time,,"Product, Product Designer",2026-04-27,https://nodesk.co/remote-jobs/superside-product-design-lead/,2026-04-27 12:29:28
"Senior Product Designer, Design Systems",AgencyAnalytics,Canada,Design,Full-Time,C$125K – C$175K,"Product, Product Designer",2026-04-27,https://nodesk.co/remote-jobs/agencyanalytics-senior-product-designer-design-systems/,2026-04-27 12:29:28
Director of Design,Mapbox,US,Design,Full-Time,$255K – $330K,Design Manager,2026-04-27,https://nodesk.co/remote-jobs/mapbox-director-of-design/,2026-04-27 12:29:28
"Senior Product Designer, Policies",GitLab,"Americas, Ireland, Netherlands",Design,Full-Time,$100K – $150K,"Product, Product Designer",2026-04-27,https://nodesk.co/remote-jobs/gitlab-senior-product-designer-policies/,2026-04-27 12:29:28
"Executive Design Director (Brand, Product & Experience)",Metalab,Worldwide,Design,Full-Time,,Design Manager,2026-04-27,https://nodesk.co/remote-jobs/metalab-executive-design-director-brand-product-experience/,2026-04-27 12:29:28
Digital Marketing & Client Engagement Partner (Remote),Following Your Heart,"Australia, Canada, Europe, UK, US",Marketing,Contract,,Digital Marketing,2026-04-27,https://nodesk.co/remote-jobs/following-your-heart-digital-marketing-client-engagement-partner-remote/,2026-04-27 12:29:31
Create a Flexible Remote Income Stream | Work Anywhere,Inspiring Lives Today,"Australia, Canada, Europe, UK, US",Marketing,Contract,,"Content Marketing, Digital Marketing, Sales",2026-04-27,https://nodesk.co/remote-jobs/inspiring-lives-today-create-a-flexible-remote-income-stream-work-anywhere/,2026-04-27 12:29:31
Social Lead - Developer,Shopify,Americas,Marketing,Full-Time,,,2026-04-27,https://nodesk.co/remote-jobs/shopify-social-lead-developer/,2026-04-27 12:29:31
Events Manager,Figma,US,Marketing,Full-Time,$115K – $269K,"Event Marketing, Non-Tech",2026-04-27,https://nodesk.co/remote-jobs/figma-events-manager/,2026-04-27 12:29:31
"Senior Marketing Lead, Youtube",Shopify,Americas,Marketing,Full-Time,,"Marketing Manager, Non-Tech",2026-04-27,https://nodesk.co/remote-jobs/shopify-senior-marketing-lead-youtube/,2026-04-27 12:29:31
Video Editor (Contract),Muck Rack,US,Marketing,Contract,,Non-Tech,2026-04-27,https://nodesk.co/remote-jobs/muck-rack-video-editor-contract/,2026-04-27 12:29:31
Loyalty & Engagement Strategy Manager,Olo,US,Marketing,Full-Time,$77K – $110.5K,Non-Tech,2026-04-27,https://nodesk.co/remote-jobs/olo-loyalty-engagement-strategy-manager/,2026-04-27 12:29:31
Product Marketing Manager,Shippo,US,Marketing,Full-Time,,"Marketing Manager, Non-Tech, Product, Product Marketing",2026-04-27,https://nodesk.co/remote-jobs/shippo-product-marketing-manager/,2026-04-27 12:29:31
AI SEO Strategist,Tinuiti,US,Marketing,Full-Time,$80K – $90K,"AI, Digital Marketing, Non-Tech, SEO",2026-04-27,https://nodesk.co/remote-jobs/tinuiti-ai-seo-strategist/,2026-04-27 12:29:31
"Director, Product Marketing",MongoDB,US,Marketing,Full-Time,$123K – $242K,"Marketing Manager, Non-Tech, Product, Product Marketing",2026-04-27,https://nodesk.co/remote-jobs/mongodb-director-product-marketing/,2026-04-27 12:29:31
CRM Strategist,SmartBug Media,US,Marketing,Full-Time,$75K – $95K,Non-Tech,2026-04-27,https://nodesk.co/remote-jobs/smartbug-media-crm-strategist/,2026-04-27 12:29:31
Marketing Operations Program Manager,Stripe,"Canada, US",Marketing,Full-Time,$155.8K – $233.6K,"Non-Tech, Program Manager",2026-04-27,https://nodesk.co/remote-jobs/stripe-marketing-operations-program-manager/,2026-04-27 12:29:31
"Agentic Operator, Growth Marketing",Ramp,US,Marketing,Full-Time,$168K – $231K,"AI, Growth Marketing, Non-Tech",2026-04-27,https://nodesk.co/remote-jobs/ramp-agentic-operator-growth-marketing/,2026-04-27 12:29:31
Social Media Manager,6sense,US,Marketing,Full-Time,$89.411K – $120K,"Non-Tech, Social Media Marketing",2026-04-27,https://nodesk.co/remote-jobs/6sense-social-media-manager/,2026-04-27 12:29:31
Online Lifecycle & CRM Marketing Senior Manager,Zoom,US,Marketing,Full-Time,$126.5K – $276.7K,"Marketing Manager, Non-Tech",2026-04-27,https://nodesk.co/remote-jobs/zoom-online-lifecycle-crm-marketing-senior-manager/,2026-04-27 12:29:31
Senior SEM Manager,1Password,"Canada, US",Marketing,Full-Time,$118K – $171K,"Non-Tech, Paid Marketing",2026-04-27,https://nodesk.co/remote-jobs/1password-senior-sem-manager/,2026-04-27 12:29:31
Sr. Product Marketing Manager,Aha!,"Canada, US",Marketing,Full-Time,$120K – $160K,"Marketing Manager, Non-Tech, Product, Product Marketing",2026-04-27,https://nodesk.co/remote-jobs/aha-senior-product-marketing-manager/,2026-04-27 12:29:31
Product Marketing Manager,Quartzy,US,Marketing,Full-Time,$116K – $136K,"Marketing Manager, Non-Tech, Product, Product Marketing",2026-04-27,https://nodesk.co/remote-jobs/quartzy-product-marketing-manager/,2026-04-27 12:29:31
"Country Marketing Manager, Turkey",Duolingo,Turkey,Marketing,Full-Time,,"Marketing Manager, Non-Tech",2026-04-27,https://nodesk.co/remote-jobs/duolingo-country-marketing-manager-turkey/,2026-04-27 12:29:31
Growth Marketing Lead,ClassDojo,US,Marketing,Full-Time,$178.5K – $250K,"Growth Marketing, Marketing Manager, Non-Tech",2026-04-27,https://nodesk.co/remote-jobs/classdojo-growth-marketing-lead/,2026-04-27 12:29:31
Growth Marketing Manager,Grant Street Group,US,Marketing,Full-Time,$95K – $120K,"Marketing Manager, Non-Tech",2026-04-27,https://nodesk.co/remote-jobs/grant-street-group-growth-marketing-manager/,2026-04-27 12:29:31
"Growth Marketing Manager, Lifecycle",Stripe,"Canada, US",Marketing,Full-Time,$143.4K – $215.2K,"Growth Marketing, Marketing Manager, Non-Tech",2026-04-27,https://nodesk.co/remote-jobs/stripe-growth-marketing-manager-lifecycle/,2026-04-27 12:29:31
Conceptual Copywriter,Superside,Worldwide,Marketing,Contract,,"Copywriter, Non-Tech",2026-04-27,https://nodesk.co/remote-jobs/superside-conceptual-copywriter/,2026-04-27 12:29:31
"MBA Product Marketing Intern - Regulated Industries, 2026 Summer U.S",Loom,US,Internship,,,"Marketing Manager, Non-Tech, Product, Product Marketing",2026-04-27,https://nodesk.co/remote-jobs/loom-mba-product-marketing-intern-regulated-industries-2026-summer-us/,2026-04-27 12:29:31
Senior Copywriter,Circle,Worldwide,Marketing,Full-Time,$120K – $130K,"Copywriter, Non-Tech",2026-04-27,https://nodesk.co/remote-jobs/circle-senior-copywriter/,2026-04-27 12:29:31
Senior Customer Marketing Manager,Fleetio,US,Marketing,Full-Time,,"Marketing Manager, Non-Tech",2026-04-27,https://nodesk.co/remote-jobs/fleetio-senior-customer-marketing-manager/,2026-04-27 12:29:31
Video Producer Intern,Twilio,US,Internship,,,"Entry-Level, Non-Tech",2026-04-27,https://nodesk.co/remote-jobs/twilio-video-producer-intern/,2026-04-27 12:29:31
"Regional Marketing Manager, EMEA",GitLab,EMEA,Marketing,Full-Time,,"Marketing Manager, Non-Tech",2026-04-27,https://nodesk.co/remote-jobs/gitlab-regional-marketing-manager-emea/,2026-04-27 12:29:31
VP of Marketing,FormAssembly,US,Marketing,Full-Time,$180K – $220K,"Marketing Manager, Non-Tech",2026-04-27,https://nodesk.co/remote-jobs/formassembly-vp-of-marketing/,2026-04-27 12:29:31
"Director, Marketing Operations",Astronomer,US,Marketing,Full-Time,$190K – $230K,"Marketing Manager, Non-Tech",2026-04-27,https://nodesk.co/remote-jobs/astronomer-director-marketing-operations/,2026-04-27 12:29:31
"Lead Marketer, Growth, Shop App",Shopify,Americas,Marketing,Full-Time,,"Growth Marketing, Non-Tech",2026-04-27,https://nodesk.co/remote-jobs/shopify-lead-marketer-growth-shop-app/,2026-04-27 12:29:31
"Manager, Brand Strategy",Axios,US,Marketing,Full-Time,$75K – $95K,"Brand Marketing, Non-Tech",2026-04-27,https://nodesk.co/remote-jobs/axios-manager-brand-strategy/,2026-04-27 12:29:31
Community Manager (Open-Source AI),Mozilla,US,Marketing,Full-Time,$128K – $243.5K,"AI, Community Manager, Open Source",2026-04-27,https://nodesk.co/remote-jobs/mozilla-community-manager-open-source-ai/,2026-04-27 12:29:31
Marketing Manager,GitHub,India,Marketing,Full-Time,,"Marketing Manager, Non-Tech",2026-04-27,https://nodesk.co/remote-jobs/github-marketing-manager/,2026-04-27 12:29:31
"Lead Marketer, Shop Lifecycle Marketing",Shopify,Americas,Marketing,Full-Time,,Non-Tech,2026-04-27,https://nodesk.co/remote-jobs/shopify-lead-marketer-shop-lifecycle-marketing/,2026-04-27 12:29:31
Temporary Digital Advertising Lead,The Humane League,US,Marketing,Contract,,"Non-Tech, Nonprofit",2026-04-27,https://nodesk.co/remote-jobs/the-humane-league-temporary-digital-advertising-lead/,2026-04-27 12:29:31
Campaign Operations Manager,Stripe,US,Marketing,Full-Time,$191.4K – $287.2K,"Non-Tech, Operations Manager",2026-04-27,https://nodesk.co/remote-jobs/stripe-campaign-operations-manager/,2026-04-27 12:29:31
Lifecycle Growth & Reactivation Intern,Atlassian,Poland,Internship,,,"Entry-Level, Non-Tech",2026-04-27,https://nodesk.co/remote-jobs/atlassian-lifecycle-growth-reactivation-intern/,2026-04-27 12:29:31
Social Impact and Community Engagement Intern,Twilio,US,Internship,,,"Entry-Level, Non-Tech",2026-04-27,https://nodesk.co/remote-jobs/twilio-social-impact-and-community-engagement-intern/,2026-04-27 12:29:31
Lead Product Marketing Manager,iubenda,Worldwide,Marketing,Full-Time,,"Marketing Manager, Non-Tech, Product, Product Marketing",2026-04-27,https://nodesk.co/remote-jobs/iubenda-lead-product-marketing-manager/,2026-04-27 12:29:31
"Staff Product Marketing Manager, Nitro",Discord,US,Marketing,Full-Time,$204K – $229.5K,"Marketing Manager, Non-Tech, Product, Product Marketing",2026-04-27,https://nodesk.co/remote-jobs/discord-staff-product-marketing-manager-nitro/,2026-04-27 12:29:31
Demand Generation Specialist | United States,Grafana Labs,US,Marketing,Full-Time,$76.939K – $92.326K,"Growth Marketing, Non-Tech",2026-04-27,https://nodesk.co/remote-jobs/grafana-labs-demand-generation-specialist-united-states/,2026-04-27 12:29:31
"Senior Manager, Video Editorial",HubSpot,US,Marketing,Full-Time,$144K – $216K,Non-Tech,2026-04-27,https://nodesk.co/remote-jobs/hubspot-senior-manager-video-editorial/,2026-04-27 12:29:31
Field Marketing Intern,Atlassian,Poland,Internship,,,"Entry-Level, Non-Tech",2026-04-27,https://nodesk.co/remote-jobs/atlassian-field-marketing-intern/,2026-04-27 12:29:31
"Senior Director, Product Marketing",Shippo,US,Marketing,Full-Time,$222K – $301K,"Marketing Manager, Non-Tech, Product, Product Marketing",2026-04-27,https://nodesk.co/remote-jobs/shippo-senior-director-product-marketing/,2026-04-27 12:29:31
Social Media & Content Strategist (Open-Source AI),Mozilla,US,Marketing,Full-Time,$125K – $187K,"AI, Content Marketing, Open Source, Social Media Marketing",2026-04-27,https://nodesk.co/remote-jobs/mozilla-social-media-content-strategist-open-source-ai/,2026-04-27 12:29:31
"Senior Marketing Manager, Customer Strategy",Close,US,Marketing,Full-Time,$125K – $190K,"Marketing Manager, Non-Tech",2026-04-27,https://nodesk.co/remote-jobs/close-senior-marketing-manager-customer-strategy/,2026-04-27 12:29:31
Sr. Marketing Associate,Sana,US,Marketing,Full-Time,$98K – $112K,Non-Tech,2026-04-27,https://nodesk.co/remote-jobs/sana-sr-marketing-associate/,2026-04-27 12:29:31
Lead Program Manager,HubSpot,US,Marketing,Full-Time,$118.5K – $189.6K,"Non-Tech, Program Manager",2026-04-27,https://nodesk.co/remote-jobs/hubspot-lead-program-manager/,2026-04-27 12:29:31
Senior Communications Manager,Splice,US,Marketing,Full-Time,$108.478K – $135.587K,"Communications, Marketing Manager, Non-Tech",2026-04-27,https://nodesk.co/remote-jobs/splice-senior-communications-manager/,2026-04-27 12:29:31
Sales Manager,Mercor,"Canada, UK, US",Sales,Freelance,,"Non-Tech, Sales Manager",2026-04-27,https://nodesk.co/remote-jobs/mercor-sales-manager/,2026-04-27 12:29:33
Client Support Specialist (Workplaces - B2B),Clipboard Health,"Canada, Europe, UK",Customer Support,Full-Time,$24K – $40K,"Customer Success, Non-Tech",2026-04-27,https://nodesk.co/remote-jobs/clipboard-health-client-support-specialist-workplaces-b2b/,2026-04-27 12:29:33
Scout Search Quality Rater - English (United States),Welocalize,US,Other,Part-Time,,Non-Tech,2026-04-27,https://nodesk.co/remote-jobs/welocalize-scout-search-quality-rater-english-united-states/,2026-04-27 12:29:33
Bilingual French Generalist Evaluator Expert,Mercor,"Belgium, Canada, France, Switzerland",Other,Freelance,,"AI, French, Non-Tech",2026-04-27,https://nodesk.co/remote-jobs/mercor-bilingual-french-generalist-evaluator-expert/,2026-04-27 12:29:33
WFH Hotel Coordinator,Caribbean and Cruise Experience,"North America, South America, UK, US",Sales,Part-Time,$35K – $65K,Non-Tech,2026-04-27,https://nodesk.co/remote-jobs/caribbean-and-cruise-experience-wfh-hotel-coordinator/,2026-04-27 12:29:33
Franchise Sales Manager (US Market),Sportika Labs,Worldwide,Sales,Full-Time,,"Business Development, Non-Tech",2026-04-27,https://nodesk.co/remote-jobs/sportika-labs-franchise-sales-manager-us-market/,2026-04-27 12:29:33
Search Generalist,Mercor,Worldwide,Other,Freelance,,"AI, Non-Tech",2026-04-27,https://nodesk.co/remote-jobs/mercor-search-generalist/,2026-04-27 12:29:33
Bilingual Spanish Generalist Evaluator Expert,Mercor,"Chile, Mexico, Spain, US",Other,Freelance,,"AI, Non-Tech, Spanish",2026-04-27,https://nodesk.co/remote-jobs/mercor-bilingual-spanish-generalist-evaluator-expert/,2026-04-27 12:29:33
Bilingual German Generalist Evaluator Expert,Mercor,"Austria, Germany, Switzerland",Other,Freelance,,"AI, German, Non-Tech",2026-04-27,https://nodesk.co/remote-jobs/mercor-bilingual-german-generalist-evaluator-expert/,2026-04-27 12:29:33
Survey - LifePoints (Canada),InnovateMR,Canada,Other,Freelance,,Non-Tech,2026-04-27,https://nodesk.co/remote-jobs/innovatemr-survey-lifepoints-canada/,2026-04-27 12:29:33
Survey - LifePoints (US),InnovateMR,US,Other,Freelance,,Non-Tech,2026-04-27,https://nodesk.co/remote-jobs/innovatemr-survey-lifepoints-us/,2026-04-27 12:29:33
Accounting Manager,Eight Sleep,US,Operations,Full-Time,,"Accounting, Finance, Non-Tech",2026-04-27,https://nodesk.co/remote-jobs/eight-sleep-accounting-manager/,2026-04-27 12:29:33
Employee Experience Manager,Trail of Bits,US,Operations,Full-Time,$100K – $150K,"Non-Tech, People Operations",2026-04-27,https://nodesk.co/remote-jobs/trail-of-bits-employee-experience-manager/,2026-04-27 12:29:33
Program Manager - Dubai,GitLab,United Arab Emirates,Operations,Full-Time,,"Non-Tech, Program Manager",2026-04-27,https://nodesk.co/remote-jobs/gitlab-program-manager-dubai/,2026-04-27 12:29:33
"Senior Manager, Talent Management",Dropbox,US,Operations,Full-Time,$158.8K – $241.7K,"Non-Tech, People Operations",2026-04-27,https://nodesk.co/remote-jobs/dropbox-senior-manager-talent-management/,2026-04-27 12:29:33
"Support Manager, West",Shopify,Canada,Customer Support,Full-Time,,Non-Tech,2026-04-27,https://nodesk.co/remote-jobs/shopify-support-manager-west/,2026-04-27 12:29:33
"EU Market Development, Climate",Stripe,Belgium,Other,Full-Time,,Non-Tech,2026-04-27,https://nodesk.co/remote-jobs/stripe-eu-market-development-climate/,2026-04-27 12:29:33
Events Manager,Figma,US,Marketing,Full-Time,$115K – $269K,"Event Marketing, Non-Tech",2026-04-27,https://nodesk.co/remote-jobs/figma-events-manager/,2026-04-27 12:29:33
Principal Customer Success Manager,Seeq,Worldwide,Customer Support,Full-Time,,"Customer Success, Non-Tech",2026-04-27,https://nodesk.co/remote-jobs/seeq-principal-customer-success-manager/,2026-04-27 12:29:33
"Senior Marketing Lead, Youtube",Shopify,Americas,Marketing,Full-Time,,"Marketing Manager, Non-Tech",2026-04-27,https://nodesk.co/remote-jobs/shopify-senior-marketing-lead-youtube/,2026-04-27 12:29:33
Video Editor (Contract),Muck Rack,US,Marketing,Contract,,Non-Tech,2026-04-27,https://nodesk.co/remote-jobs/muck-rack-video-editor-contract/,2026-04-27 12:29:33
"Customer Success Manager, UK",SecurityScorecard,UK,Customer Support,Full-Time,,"Customer Success, Non-Tech",2026-04-27,https://nodesk.co/remote-jobs/securityscorecard-customer-success-manager-uk/,2026-04-27 12:29:33
Loyalty & Engagement Strategy Manager,Olo,US,Marketing,Full-Time,$77K – $110.5K,Non-Tech,2026-04-27,https://nodesk.co/remote-jobs/olo-loyalty-engagement-strategy-manager/,2026-04-27 12:29:33
New Business Account Executive,SurveyMonkey,Canada,Sales,Full-Time,,"Account Executive, Non-Tech",2026-04-27,https://nodesk.co/remote-jobs/surveymonkey-new-business-account-executive/,2026-04-27 12:29:33
Product Marketing Manager,Shippo,US,Marketing,Full-Time,,"Marketing Manager, Non-Tech, Product, Product Marketing",2026-04-27,https://nodesk.co/remote-jobs/shippo-product-marketing-manager/,2026-04-27 12:29:33
AI SEO Strategist,Tinuiti,US,Marketing,Full-Time,$80K – $90K,"AI, Digital Marketing, Non-Tech, SEO",2026-04-27,https://nodesk.co/remote-jobs/tinuiti-ai-seo-strategist/,2026-04-27 12:29:33
Senior Technical Recruiter,RevenueCat,"Americas, EMEA",Operations,Full-Time,$180K,"Non-Tech, Recruiter, Technical Recruiter",2026-04-27,https://nodesk.co/remote-jobs/revenuecat-senior-technical-recruiter/,2026-04-27 12:29:33
TechOps Platform Manager,Monzo,UK,Engineering,Full-Time,£75K – £95K,Non-Tech,2026-04-27,https://nodesk.co/remote-jobs/monzo-techops-platform-manager/,2026-04-27 12:29:33
Digital Sales Representative 2,Twilio,US,Sales,Full-Time,,"Non-Tech, Sales Representative",2026-04-27,https://nodesk.co/remote-jobs/twilio-digital-sales-representative-2/,2026-04-27 12:29:33
Director of Major Gifts,Signal,Worldwide,Operations,Full-Time,$170K – $200K,Non-Tech,2026-04-27,https://nodesk.co/remote-jobs/signal-director-of-major-gifts/,2026-04-27 12:29:33
"Director, Product Marketing",MongoDB,US,Marketing,Full-Time,$123K – $242K,"Marketing Manager, Non-Tech, Product, Product Marketing",2026-04-27,https://nodesk.co/remote-jobs/mongodb-director-product-marketing/,2026-04-27 12:29:33
Global Finance Manager,350,Netherlands,Operations,Full-Time,,"Finance, Non-Tech, Nonprofit",2026-04-27,https://nodesk.co/remote-jobs/350-global-finance-manager/,2026-04-27 12:29:33
"Senior Manager, People Programs",Oyster,EMEA,Sales,Full-Time,,"Non-Tech, People Operations",2026-04-27,https://nodesk.co/remote-jobs/oyster-senior-manager-people-programs/,2026-04-27 12:29:33
"Senior People Manager (Part-Time, Remote - ET or CT)",Knack,US,Operations,Part-Time,,"Non-Tech, People Operations",2026-04-27,https://nodesk.co/remote-jobs/knack-senior-people-manager-part-time-remote-et-or-ct/,2026-04-27 12:29:33
UK Support Specialist,Substack,UK,Customer Support,Full-Time,,Non-Tech,2026-04-27,https://nodesk.co/remote-jobs/substack-uk-support-specialist/,2026-04-27 12:29:33
Contract Senior Recruiter,VRChat,Worldwide,Operations,Contract,,"Non-Tech, Recruiter",2026-04-27,https://nodesk.co/remote-jobs/vrchat-contract-senior-recruiter/,2026-04-27 12:29:33
CRM Strategist,SmartBug Media,US,Marketing,Full-Time,$75K – $95K,Non-Tech,2026-04-27,https://nodesk.co/remote-jobs/smartbug-media-crm-strategist/,2026-04-27 12:29:33
Head of Support,Plaid,US,Customer Support,Full-Time,$124.8K – $223.2K,Non-Tech,2026-04-27,https://nodesk.co/remote-jobs/plaid-head-of-support/,2026-04-27 12:29:33
Marketing Operations Program Manager,Stripe,"Canada, US",Marketing,Full-Time,$155.8K – $233.6K,"Non-Tech, Program Manager",2026-04-27,https://nodesk.co/remote-jobs/stripe-marketing-operations-program-manager/,2026-04-27 12:29:33
Payroll & Benefits Coordinator,Circle,Worldwide,Operations,Full-Time,$90K – $110K,"Finance, Non-Tech",2026-04-27,https://nodesk.co/remote-jobs/circle-payroll-benefits-coordinator/,2026-04-27 12:29:33
"Strategic Account Executive, UK or EMEA",Maze,"Netherlands, Portugal, UK",Sales,Full-Time,€81.2K – €95.5K,"Account Executive, Non-Tech",2026-04-27,https://nodesk.co/remote-jobs/maze-strategic-account-executive-uk-or-emea/,2026-04-27 12:29:33
"Strategic Finance Senior Analyst, GTM",Recharge,"Canada, US",Operations,Full-Time,$105K – $132K,"Finance, Non-Tech",2026-04-27,https://nodesk.co/remote-jobs/recharge-strategic-finance-senior-analyst-gtm/,2026-04-27 12:29:33
"Agentic Operator, Growth Marketing",Ramp,US,Marketing,Full-Time,$168K – $231K,"AI, Growth Marketing, Non-Tech",2026-04-27,https://nodesk.co/remote-jobs/ramp-agentic-operator-growth-marketing/,2026-04-27 12:29:33
GTM Recruiter,Stedi,US,Operations,Full-Time,,"Non-Tech, Recruiter",2026-04-27,https://nodesk.co/remote-jobs/stedi-gtm-recruiter/,2026-04-27 12:29:33
Media Partnerships Lead,Wikimedia Foundation,Worldwide,Sales,Full-Time,$114.758K – $177.097K,"Non-Tech, Nonprofit, Partnerships",2026-04-27,https://nodesk.co/remote-jobs/wikimedia-foundation-media-partnerships-lead/,2026-04-27 12:29:33
Senior Associate - Revenue Strategy,Mercury,"Canada, US",Operations,Full-Time,$118.4K – $148K,Non-Tech,2026-04-27,https://nodesk.co/remote-jobs/mercury-senior-associate-revenue-strategy/,2026-04-27 12:29:33
Social Media Manager,6sense,US,Marketing,Full-Time,$89.411K – $120K,"Non-Tech, Social Media Marketing",2026-04-27,https://nodesk.co/remote-jobs/6sense-social-media-manager/,2026-04-27 12:29:33
Accounting Manager,Pulumi,US,Sales,Full-Time,$150K – $170K,"Accounting, Finance, Non-Tech",2026-04-27,https://nodesk.co/remote-jobs/pulumi-accounting-manager/,2026-04-27 12:29:33
"Contract Sourcer, Talent Discovery",MongoDB,US,Operations,Contract,,"Non-Tech, Recruiter",2026-04-27,https://nodesk.co/remote-jobs/mongodb-contract-sourcer-talent-discovery/,2026-04-27 12:29:33
Online Lifecycle & CRM Marketing Senior Manager,Zoom,US,Marketing,Full-Time,$126.5K – $276.7K,"Marketing Manager, Non-Tech",2026-04-27,https://nodesk.co/remote-jobs/zoom-online-lifecycle-crm-marketing-senior-manager/,2026-04-27 12:29:33
ORM Delivery & Client Manager,Media Removal,Worldwide,Operations,Full-Time,,"Digital Marketing, Project Manager, SEO",2026-04-27,https://nodesk.co/remote-jobs/media-removal-orm-delivery-client-manager/,2026-04-27 12:29:36
WFH Entry-Level Hotel Coordinator,Caribbean and Cruise Experience,US,Operations,Part-Time,$35K – $65K,"Marketing, Sales",2026-04-27,https://nodesk.co/remote-jobs/caribbean-and-cruise-experience-wfh-entry-level-hotel-coordinator/,2026-04-27 12:29:36
WFH Cruise Coordinator,Caribbean and Cruise Experience,US,Operations,Part-Time,$35K – $65K,,2026-04-27,https://nodesk.co/remote-jobs/caribbean-and-cruise-experience-wfh-cruise-coordinator/,2026-04-27 12:29:36
Accounting Manager,Eight Sleep,US,Operations,Full-Time,,"Accounting, Finance, Non-Tech",2026-04-27,https://nodesk.co/remote-jobs/eight-sleep-accounting-manager/,2026-04-27 12:29:36
Employee Experience Manager,Trail of Bits,US,Operations,Full-Time,$100K – $150K,"Non-Tech, People Operations",2026-04-27,https://nodesk.co/remote-jobs/trail-of-bits-employee-experience-manager/,2026-04-27 12:29:36
Program Manager - Dubai,GitLab,United Arab Emirates,Operations,Full-Time,,"Non-Tech, Program Manager",2026-04-27,https://nodesk.co/remote-jobs/gitlab-program-manager-dubai/,2026-04-27 12:29:36
"Senior Manager, Talent Management",Dropbox,US,Operations,Full-Time,$158.8K – $241.7K,"Non-Tech, People Operations",2026-04-27,https://nodesk.co/remote-jobs/dropbox-senior-manager-talent-management/,2026-04-27 12:29:36
Senior People Systems & Operations Specialist,Boulevard,US,Operations,Full-Time,$113.5K – $142K,People Operations,2026-04-27,https://nodesk.co/remote-jobs/boulevard-senior-people-systems-operations-specialist/,2026-04-27 12:29:36
Senior Technical Recruiter,RevenueCat,"Americas, EMEA",Operations,Full-Time,$180K,"Non-Tech, Recruiter, Technical Recruiter",2026-04-27,https://nodesk.co/remote-jobs/revenuecat-senior-technical-recruiter/,2026-04-27 12:29:36
Director of Major Gifts,Signal,Worldwide,Operations,Full-Time,$170K – $200K,Non-Tech,2026-04-27,https://nodesk.co/remote-jobs/signal-director-of-major-gifts/,2026-04-27 12:29:36
Global Finance Manager,350,Netherlands,Operations,Full-Time,,"Finance, Non-Tech, Nonprofit",2026-04-27,https://nodesk.co/remote-jobs/350-global-finance-manager/,2026-04-27 12:29:36
"Senior People Manager (Part-Time, Remote - ET or CT)",Knack,US,Operations,Part-Time,,"Non-Tech, People Operations",2026-04-27,https://nodesk.co/remote-jobs/knack-senior-people-manager-part-time-remote-et-or-ct/,2026-04-27 12:29:36
Contract Senior Recruiter,VRChat,Worldwide,Operations,Contract,,"Non-Tech, Recruiter",2026-04-27,https://nodesk.co/remote-jobs/vrchat-contract-senior-recruiter/,2026-04-27 12:29:36
Payroll & Benefits Coordinator,Circle,Worldwide,Operations,Full-Time,$90K – $110K,"Finance, Non-Tech",2026-04-27,https://nodesk.co/remote-jobs/circle-payroll-benefits-coordinator/,2026-04-27 12:29:36
"Strategic Finance Senior Analyst, GTM",Recharge,"Canada, US",Operations,Full-Time,$105K – $132K,"Finance, Non-Tech",2026-04-27,https://nodesk.co/remote-jobs/recharge-strategic-finance-senior-analyst-gtm/,2026-04-27 12:29:36
GTM Recruiter,Stedi,US,Operations,Full-Time,,"Non-Tech, Recruiter",2026-04-27,https://nodesk.co/remote-jobs/stedi-gtm-recruiter/,2026-04-27 12:29:36
Senior Associate - Revenue Strategy,Mercury,"Canada, US",Operations,Full-Time,$118.4K – $148K,Non-Tech,2026-04-27,https://nodesk.co/remote-jobs/mercury-senior-associate-revenue-strategy/,2026-04-27 12:29:36
"Contract Sourcer, Talent Discovery",MongoDB,US,Operations,Contract,,"Non-Tech, Recruiter",2026-04-27,https://nodesk.co/remote-jobs/mongodb-contract-sourcer-talent-discovery/,2026-04-27 12:29:36
Support Platform Senior Manager,Squarespace,US,Operations,Full-Time,$135.5K – $239.2K,Non-Tech,2026-04-27,https://nodesk.co/remote-jobs/squarespace-support-platform-senior-manager/,2026-04-27 12:29:36
Accounting Manager (GovCon),CivicActions,US,Operations,Full-Time,$125K – $150K,"Accounting, Finance, Non-Tech",2026-04-27,https://nodesk.co/remote-jobs/civicactions-accounting-manager-govcon/,2026-04-27 12:29:36
Senior Executive Assistant,Mozilla,US,Operations,Full-Time,$85K – $110K,"Non-Tech, Office Management",2026-04-27,https://nodesk.co/remote-jobs/mozilla-senior-executive-assistant/,2026-04-27 12:29:36
Revenue Operations Project Manager,Dutchie,US,Operations,Full-Time,$85K – $115K,"Non-Tech, Project Manager",2026-04-27,https://nodesk.co/remote-jobs/dutchie-revenue-operations-project-manager/,2026-04-27 12:29:36
Senior FP&A Analyst,Octopus Deploy,Australia,Operations,Full-Time,,"Finance, Non-Tech",2026-04-27,https://nodesk.co/remote-jobs/octopus-deploy-senior-fp-a-analyst/,2026-04-27 12:29:36
Assistant Controller,Plaid,US,Operations,Full-Time,$133.124K – $250K,"Finance, Financial Controller, Non-Tech",2026-04-27,https://nodesk.co/remote-jobs/plaid-assistant-controller/,2026-04-27 12:29:36
Project Manager - Global (Europe Based),Coursedog,Europe,Operations,Full-Time,$100K – $110K,"Non-Tech, Project Manager",2026-04-27,https://nodesk.co/remote-jobs/coursedog-project-manager-global-europe-based/,2026-04-27 12:29:36
Partner Operations Manager,Seeq,US,Operations,Full-Time,,"Non-Tech, Operations Manager",2026-04-27,https://nodesk.co/remote-jobs/seeq-partner-operations-manager/,2026-04-27 12:29:36
People M&A Director,Deel,"EMEA, US",Operations,Full-Time,,"Non-Tech, People Operations",2026-04-27,https://nodesk.co/remote-jobs/deel-people-m-a-director/,2026-04-27 12:29:36
Technical Recruiter,Dropbox,"Canada, US",Operations,Full-Time,$104.7K – $159.4K,"Recruiter, Technical Recruiter",2026-04-27,https://nodesk.co/remote-jobs/dropbox-technical-recruiter/,2026-04-27 12:29:36
Senior Strategic Finance Analyst,Dutchie,US,Operations,Full-Time,$124K – $166K,"Finance, Non-Tech",2026-04-27,https://nodesk.co/remote-jobs/dutchie-senior-strategic-finance-analyst/,2026-04-27 12:29:36
Ghostbuster,Deel,EMEA,Operations,Full-Time,,Non-Tech,2026-04-27,https://nodesk.co/remote-jobs/deel-ghostbuster/,2026-04-27 12:29:36
Member Advocate,Sana,US,Operations,Full-Time,$55K,Non-Tech,2026-04-27,https://nodesk.co/remote-jobs/sana-member-advocate/,2026-04-27 12:29:36
Senior Technical Recruiter - Engineering,Mercury,"Canada, US",Operations,Full-Time,$146.7K – $183.4K,"Non-Tech, Recruiter, Technical Recruiter",2026-04-27,https://nodesk.co/remote-jobs/mercury-senior-technical-recruiter-engineering/,2026-04-27 12:29:36
Benefits Manager,Deel,EMEA,Operations,Full-Time,,Non-Tech,2026-04-27,https://nodesk.co/remote-jobs/deel-benefits-manager/,2026-04-27 12:29:36
"Manager, G&A Recruiting",GitLab,US,Operations,Full-Time,,"Non-Tech, Recruiter",2026-04-27,https://nodesk.co/remote-jobs/gitlab-manager-g-a-recruiting/,2026-04-27 12:29:36
Design Recruiter (Fixed Term),Stripe,US,Operations,Contract,,"Non-Tech, Recruiter",2026-04-27,https://nodesk.co/remote-jobs/stripe-design-recruiter-fixed-term/,2026-04-27 12:29:36
HR Benefits Specialist (Contract),Astronomer,US,Operations,Contract,,Non-Tech,2026-04-27,https://nodesk.co/remote-jobs/astronomer-hr-benefits-specialist-contract/,2026-04-27 12:29:36
Payments Manager,Monzo,Ireland,Operations,Full-Time,£61.2K – £77K,"Finance, Non-Tech",2026-04-27,https://nodesk.co/remote-jobs/monzo-payments-manager/,2026-04-27 12:29:36
Senior Accountant - Bilingual English/French,Uberall,Canada,Operations,Full-Time,,"Accounting, Finance, French, Non-Tech",2026-04-27,https://nodesk.co/remote-jobs/uberall-senior-accountant-bilingual-english-french/,2026-04-27 12:29:36
"Lead, Compensation Partner",Reddit,US,Operations,Full-Time,$180.2K – $252.3K,"Non-Tech, People Operations",2026-04-27,https://nodesk.co/remote-jobs/reddit-lead-compensation-partner/,2026-04-27 12:29:36
Senior Fraud Operations Analyst,Shopify,Americas,Operations,Full-Time,,Non-Tech,2026-04-27,https://nodesk.co/remote-jobs/shopify-senior-fraud-operations-analyst/,2026-04-27 12:29:36
Talent Development Program Manager,Customer.io,Americas,Operations,Full-Time,$95K – $105K,"Non-Tech, People Operations, Program Manager",2026-04-27,https://nodesk.co/remote-jobs/customer-io-talent-development-program-manager/,2026-04-27 12:29:36
Compliance & Safety Specialist,DuckDuckGo,"Canada, UK, US",Operations,Full-Time,,"Compliance, Legal, Non-Tech",2026-04-27,https://nodesk.co/remote-jobs/duckduckgo-compliance-safety-specialist/,2026-04-27 12:29:36
Corporate Development Associate,Shopify,Americas,Operations,Full-Time,,"Finance, Non-Tech",2026-04-27,https://nodesk.co/remote-jobs/shopify-corporate-development-associate/,2026-04-27 12:29:36
HR Business Partner II,Instacart,US,Operations,Full-Time,$148K – $187K,Non-Tech,2026-04-27,https://nodesk.co/remote-jobs/instacart-hr-business-partner-ii/,2026-04-27 12:29:36
Senior Corporate Strategist,HubSpot,US,Operations,Full-Time,$115.2K – $172.8K,,2026-04-27,https://nodesk.co/remote-jobs/hubspot-senior-corporate-strategist/,2026-04-27 12:29:36
Contract Technical Recruiter,Olo,Northern Ireland,Operations,Contract,,"Non-Tech, Recruiter, Technical Recruiter",2026-04-27,https://nodesk.co/remote-jobs/olo-contract-technical-recruiter/,2026-04-27 12:29:36
Staff Recruiter,Mozilla,"Canada, US",Operations,Full-Time,,"Non-Tech, Recruiter",2026-04-27,https://nodesk.co/remote-jobs/mozilla-staff-recruiter/,2026-04-27 12:29:36
Recruiter,Twilio,Japan,Operations,Full-Time,,"Non-Tech, Recruiter",2026-04-27,https://nodesk.co/remote-jobs/twilio-recruiter/,2026-04-27 12:29:36
"Senior Director, People Operations & Total Rewards",Mapbox,US,Operations,Full-Time,$261.375K – $353.625K,"Non-Tech, People Operations",2026-04-27,https://nodesk.co/remote-jobs/mapbox-senior-director-people-operations-total-rewards/,2026-04-27 12:29:36
Business Analyst,Oddball,US,Operations,Full-Time,$90K – $120K,Business Analyst,2026-04-27,https://nodesk.co/remote-jobs/oddball-business-analyst/,2026-04-27 12:29:36
Senior Product Manager (Mobile),Bitwarden,US,Product,Full-Time,$160K – $200K,"Product, Product Manager",2026-04-27,https://nodesk.co/remote-jobs/bitwarden-senior-product-manager-mobile/,2026-04-27 12:29:38
"Product Manager, Partnerships",Root Insurance,US,Product,Full-Time,$116K – $139.56K,"Partnerships, Product, Product Manager",2026-04-27,https://nodesk.co/remote-jobs/root-insurance-product-manager-partnerships/,2026-04-27 12:29:38
"Product Builder (Product Manager), AI Agents",Apollo,US,Product,Full-Time,$140.8K – $249.3K,"AI, Product, Product Manager",2026-04-27,https://nodesk.co/remote-jobs/apollo-product-builder-product-manager-ai-agents/,2026-04-27 12:29:38
"Associate Product Management Intern, Summer 2026 Australia",Atlassian,Australia,Internship,,,"Entry-Level, Product, Product Manager",2026-04-27,https://nodesk.co/remote-jobs/atlassian-associate-product-management-intern-summer-2026-australia/,2026-04-27 12:29:38
Senior Product Manager,Gradle,US - EST,Product,Full-Time,,"Product, Product Manager",2026-04-27,https://nodesk.co/remote-jobs/gradle-senior-product-manager/,2026-04-27 12:29:38
Senior Product Manager,GitHub,US,Product,Full-Time,$124K – $329.2K,"Product, Product Manager",2026-04-27,https://nodesk.co/remote-jobs/github-senior-product-manager/,2026-04-27 12:29:38
Product Partner Manager,Figma,US,Product,Full-Time,$140K – $296K,"Product, Product Manager",2026-04-27,https://nodesk.co/remote-jobs/figma-product-partner-manager/,2026-04-27 12:29:38
Product Owner,Coursedog,US,Product,Full-Time,$90K – $120K,"Product, Product Manager",2026-04-27,https://nodesk.co/remote-jobs/coursedog-product-owner/,2026-04-27 12:29:38
"Staff Product Manager, B2B Employers",Headspace,US,Product,Full-Time,$140.4K – $224.25K,"Product, Product Manager",2026-04-27,https://nodesk.co/remote-jobs/headspace-staff-product-manager-b2b-employers/,2026-04-27 12:29:38
Product Manager - Europe,Ghost,Europe,Product,Full-Time,$140K – $200K,"Product, Product Manager",2026-04-27,https://nodesk.co/remote-jobs/ghost-product-manager-europe/,2026-04-27 12:29:38
Senior Product Designer - Lifecycle & Growth,Instacart,US,Product,Full-Time,$143K – $181.5K,"Product, Product Manager",2026-04-27,https://nodesk.co/remote-jobs/instacart-senior-product-designer-lifecycle-growth/,2026-04-27 12:29:38
Senior Product Manager,Headspace,"Los Angeles, NYC, Seattle",Product,Full-Time,$124.4K – $195.5K,"Product, Product Manager",2026-04-27,https://nodesk.co/remote-jobs/headspace-senior-product-manager/,2026-04-27 12:29:38
Senior Product Manager - Pay,Olo,US,Product,Full-Time,$136K – $190K,"Product, Product Manager",2026-04-27,https://nodesk.co/remote-jobs/olo-senior-product-manager-pay/,2026-04-27 12:29:38
"Senior Product Manager, Social",HubSpot,US,Product,Full-Time,$158.1K – $253K,"Product, Product Manager",2026-04-27,https://nodesk.co/remote-jobs/hubspot-senior-product-manager-social/,2026-04-27 12:29:38
Product Manager,Uscreen,Worldwide,Product,Full-Time,,"Product, Product Manager",2026-04-27,https://nodesk.co/remote-jobs/uscreen-product-manager/,2026-04-27 12:29:38
"Senior Product Manager, AI",Postscript,US,Product,Full-Time,$150K – $206K,"AI, Product, Product Manager",2026-04-27,https://nodesk.co/remote-jobs/postscript-senior-product-manager-ai/,2026-04-27 12:29:38
Senior Product Analyst (AI Pillar),Articulate,US,Product,Full-Time,$115.6K – $153.17K,AI,2026-04-27,https://nodesk.co/remote-jobs/articulate-senior-product-analyst-ai-pillar/,2026-04-27 12:29:38
Senior Product Manager | Germany,Grafana Labs,Germany,Product,Full-Time,,"Product, Product Manager",2026-04-27,https://nodesk.co/remote-jobs/grafana-labs-senior-product-manager-germany/,2026-04-27 12:29:38
Senior Product Manager,15Five,US,Product,Full-Time,$132K – $170K,"Product, Product Manager",2026-04-27,https://nodesk.co/remote-jobs/15five-senior-product-manager/,2026-04-27 12:29:38
Staff Product Manager,Hipcamp,US,Product,Full-Time,$165K – $205K,"Product, Product Manager",2026-04-27,https://nodesk.co/remote-jobs/hipcamp-staff-product-manager/,2026-04-27 12:29:38
"Product Adoption Manager, Shopping",Reddit,US,Product,Full-Time,$182K – $254.8K,"Product, Product Manager",2026-04-27,https://nodesk.co/remote-jobs/reddit-product-adoption-manager-shopping/,2026-04-27 12:29:38
Senior Product Manager - Knowledge Graph | Ireland,Grafana Labs,Ireland,Product,Full-Time,,"Product, Product Manager",2026-04-27,https://nodesk.co/remote-jobs/grafana-labs-senior-product-manager-knowledge-graph-ireland/,2026-04-27 12:29:38
Staff Product Manager,Instructure,US,Product,Full-Time,$160K – $180K,"Product, Product Manager",2026-04-27,https://nodesk.co/remote-jobs/instructure-staff-product-manager/,2026-04-27 12:29:38
Product Manager,Kinsta,Worldwide,Product,Full-Time,,"Product, Product Manager",2026-04-27,https://nodesk.co/remote-jobs/kinsta-product-manager/,2026-04-27 12:29:38
"Senior Product Manager, Payments",Automattic,Worldwide,Product,Full-Time,$170K – $240K,"Product, Product Manager",2026-04-27,https://nodesk.co/remote-jobs/automattic-senior-product-manager-payments/,2026-04-27 12:29:38
Senior Product Manager (Distribution),Articulate,US,Product,Full-Time,$154.6K – $204.898K,"Product, Product Manager",2026-04-27,https://nodesk.co/remote-jobs/articulate-senior-product-manager-distribution/,2026-04-27 12:29:38
Product Manager - AI,Canonical,EMEA,Product,Full-Time,,"AI, Product, Product Manager",2026-04-27,https://nodesk.co/remote-jobs/canonical-product-manager-ai/,2026-04-27 12:29:38
Staff Product Manager,Maze,"Canada, Portugal, United States",Product,Full-Time,$150.3K – $221K,"Product, Product Manager",2026-04-27,https://nodesk.co/remote-jobs/maze-staff-product-manager/,2026-04-27 12:29:38
"Senior Product Manager, Brand Ads & Safety",Reddit,US,Product,Full-Time,$190.8K – $267.1K,"Product, Product Manager",2026-04-27,https://nodesk.co/remote-jobs/reddit-senior-product-manager-brand-ads-safety/,2026-04-27 12:29:38
Lead Product Manager,Code for America,US,Product,Full-Time,$128.945K – $157.85K,"Product, Product Manager",2026-04-27,https://nodesk.co/remote-jobs/code-for-america-lead-product-manager/,2026-04-27 12:29:38
Product Manager,Aha!,"Canada, US",Product,Full-Time,$110K – $160K,"Product, Product Manager",2026-04-27,https://nodesk.co/remote-jobs/aha-product-manager/,2026-04-27 12:29:38
Junior Product Manager,Canonical,EMEA,Product,Full-Time,,"Junior, Product, Product Manager",2026-04-27,https://nodesk.co/remote-jobs/canonical-junior-product-manager/,2026-04-27 12:29:38
Monetization Growth Product Manager,ClassDojo,US,Product,Full-Time,$160K – $269K,"Product, Product Manager",2026-04-27,https://nodesk.co/remote-jobs/classdojo-monetization-growth-product-manager/,2026-04-27 12:29:38
Product Support Representative,Dropbox,US,Product,Full-Time,$53.7K – $81.8K,Non-Tech,2026-04-27,https://nodesk.co/remote-jobs/dropbox-product-support-representative/,2026-04-27 12:29:38
AI Product Owner,Webflow,US,Product,Full-Time,$107K – $150K,"AI, Product, Product Manager",2026-04-27,https://nodesk.co/remote-jobs/webflow-ai-product-owner/,2026-04-27 12:29:38
Product Manager,Nava,US,Product,Full-Time,$100K – $133K,"Non-Tech, Product, Product Manager",2026-04-27,https://nodesk.co/remote-jobs/nava-product-manager/,2026-04-27 12:29:38
"Senior Product Manager, Growth",Splice,US,Product,Full-Time,$148.32K – $185.4K,"Product, Product Manager",2026-04-27,https://nodesk.co/remote-jobs/splice-senior-product-manager-growth/,2026-04-27 12:29:38
Product Manager | UK,Grafana Labs,UK,Product,Full-Time,,"Product, Product Manager",2026-04-27,https://nodesk.co/remote-jobs/grafana-labs-product-manager-uk/,2026-04-27 12:29:38
"Senior Product Manager, New Games",Chess.com,US,Product,Full-Time,,"Product, Product Manager",2026-04-27,https://nodesk.co/remote-jobs/chess-com-senior-product-manager-new-games/,2026-04-27 12:29:38
"Product Manager, Editor",Descript,US,Product,Full-Time,$175K – $265K,"Product, Product Manager",2026-04-27,https://nodesk.co/remote-jobs/descript-product-manager-editor/,2026-04-27 12:29:38
"Product Manager, Media Management",Descript,US,Product,Full-Time,$171K – $235K,"Product, Product Manager",2026-04-27,https://nodesk.co/remote-jobs/descript-product-manager-media-management/,2026-04-27 12:29:38
"Principal Product Manager, AI",Webflow,"Canada, US",Product,Full-Time,$200K – $340K,"AI, Product, Product Manager",2026-04-27,https://nodesk.co/remote-jobs/webflow-principal-product-manager-ai/,2026-04-27 12:29:38
Product Manager,Metabase,Worldwide,Product,Full-Time,,"Product, Product Manager",2026-04-27,https://nodesk.co/remote-jobs/metabase-product-manager/,2026-04-27 12:29:38
Senior Product Manager (Localization),Articulate,US,Product,Full-Time,$154.6K – $204.898K,"Product, Product Manager",2026-04-27,https://nodesk.co/remote-jobs/articulate-senior-product-manager-localization/,2026-04-27 12:29:38
"Senior Product Manager, Subscription & Lifecycle",Muck Rack,"Ireland, UK",Product,Full-Time,€91K – €107K,"Product, Product Manager",2026-04-27,https://nodesk.co/remote-jobs/muck-rack-senior-product-manager-subscription-lifecycle/,2026-04-27 12:29:38
Senior Product Manager,Smartling,US,Product,Full-Time,$150K – $165K,"Product, Product Manager",2026-04-27,https://nodesk.co/remote-jobs/smartling-senior-product-manager/,2026-04-27 12:29:38
Product Manager,Chili Piper,Worldwide,Product,Full-Time,,"Product, Product Manager",2026-04-27,https://nodesk.co/remote-jobs/chili-piper-product-manager/,2026-04-27 12:29:38
Product Manager,Recharge,"Canada, US",Product,Full-Time,$134K – $168K,"Product, Product Manager",2026-04-27,https://nodesk.co/remote-jobs/recharge-product-manager/,2026-04-27 12:29:38
Senior Product Manager,Rasa,"Germany, Serbia, UK",Product,Full-Time,,"Product, Product Manager",2026-04-27,https://nodesk.co/remote-jobs/rasa-senior-product-manager/,2026-04-27 12:29:38
Staff Product Manager,GitHub,US,Product,Full-Time,$140.4K – $372.3K,"Product, Product Manager",2026-04-27,https://nodesk.co/remote-jobs/github-staff-product-manager/,2026-04-27 12:29:38
Sales Manager,Mercor,"Canada, UK, US",Sales,Freelance,,"Non-Tech, Sales Manager",2026-04-27,https://nodesk.co/remote-jobs/mercor-sales-manager/,2026-04-27 12:29:42
WFH Hotel Coordinator,Caribbean and Cruise Experience,"North America, South America, UK, US",Sales,Part-Time,$35K – $65K,Non-Tech,2026-04-27,https://nodesk.co/remote-jobs/caribbean-and-cruise-experience-wfh-hotel-coordinator/,2026-04-27 12:29:42
Franchise Sales Manager (US Market),Sportika Labs,Worldwide,Sales,Full-Time,,"Business Development, Non-Tech",2026-04-27,https://nodesk.co/remote-jobs/sportika-labs-franchise-sales-manager-us-market/,2026-04-27 12:29:42
Moving Consultant,Royal Moving & Storage,US,Sales,Full-Time,$12K – $24K,Customer Success,2026-04-27,https://nodesk.co/remote-jobs/royal-moving-storage-moving-consultant/,2026-04-27 12:29:42
New Business Account Executive,SurveyMonkey,Canada,Sales,Full-Time,,"Account Executive, Non-Tech",2026-04-27,https://nodesk.co/remote-jobs/surveymonkey-new-business-account-executive/,2026-04-27 12:29:42
Digital Sales Representative 2,Twilio,US,Sales,Full-Time,,"Non-Tech, Sales Representative",2026-04-27,https://nodesk.co/remote-jobs/twilio-digital-sales-representative-2/,2026-04-27 12:29:42
"Senior Manager, People Programs",Oyster,EMEA,Sales,Full-Time,,"Non-Tech, People Operations",2026-04-27,https://nodesk.co/remote-jobs/oyster-senior-manager-people-programs/,2026-04-27 12:29:42
"Strategic Account Executive, UK or EMEA",Maze,"Netherlands, Portugal, UK",Sales,Full-Time,€81.2K – €95.5K,"Account Executive, Non-Tech",2026-04-27,https://nodesk.co/remote-jobs/maze-strategic-account-executive-uk-or-emea/,2026-04-27 12:29:42
Media Partnerships Lead,Wikimedia Foundation,Worldwide,Sales,Full-Time,$114.758K – $177.097K,"Non-Tech, Nonprofit, Partnerships",2026-04-27,https://nodesk.co/remote-jobs/wikimedia-foundation-media-partnerships-lead/,2026-04-27 12:29:42
Accounting Manager,Pulumi,US,Sales,Full-Time,$150K – $170K,"Accounting, Finance, Non-Tech",2026-04-27,https://nodesk.co/remote-jobs/pulumi-accounting-manager/,2026-04-27 12:29:42
"Account Executive, Enterprise",FullStory,US,Sales,Full-Time,$135K – $140K,"Account Executive, Non-Tech",2026-04-27,https://nodesk.co/remote-jobs/fullstory-account-executive-enterprise/,2026-04-27 12:29:42
Business Development Representative,Nylas,Toronto,Sales,Full-Time,,"Business Development, Non-Tech",2026-04-27,https://nodesk.co/remote-jobs/nylas-business-development-representative/,2026-04-27 12:29:42
Mid-Market Account Executive,TigerData,US,Sales,Full-Time,,"Account Executive, Non-Tech",2026-04-27,https://nodesk.co/remote-jobs/tigerdata-mid-market-account-executive/,2026-04-27 12:29:42
Global Account Director,Acquia,US,Sales,Full-Time,$145K – $152K,"Account Manager, Non-Tech",2026-04-27,https://nodesk.co/remote-jobs/acquia-global-account-director/,2026-04-27 12:29:42
"Renewal Manager, EMEA",Mural,"Ireland, Netherlands, Spain, UK",Sales,Full-Time,,Non-Tech,2026-04-27,https://nodesk.co/remote-jobs/mural-renewal-manager-emea/,2026-04-27 12:29:42
Senior Account Executive,Rebrandly,US,Sales,Full-Time,,"Account Executive, Non-Tech",2026-04-27,https://nodesk.co/remote-jobs/rebrandly-senior-account-executive/,2026-04-27 12:29:42
Revenue Enablement Manager,Boulevard,US,Sales,Full-Time,$76.5K – $101K,Non-Tech,2026-04-27,https://nodesk.co/remote-jobs/boulevard-revenue-enablement-manager/,2026-04-27 12:29:42
Sales Operations Analyst,Canonical,EMEA,Sales,Full-Time,,Non-Tech,2026-04-27,https://nodesk.co/remote-jobs/canonical-sales-operations-analyst/,2026-04-27 12:29:42
Senior Technical Account Manager,1Password,UK,Sales,Full-Time,,Account Manager,2026-04-27,https://nodesk.co/remote-jobs/1password-senior-technical-account-manager/,2026-04-27 12:29:42
Sales Development Representative (SDR),Legalist,US,Sales,Full-Time,,"Non-Tech, Sales Representative",2026-04-27,https://nodesk.co/remote-jobs/legalist-sales-development-representative-sdr/,2026-04-27 12:29:42
"Principal, Strategic Accounts",DNSFilter,US,Sales,Full-Time,$150K – $180K,"Account Manager, Non-Tech",2026-04-27,https://nodesk.co/remote-jobs/dnsfilter-principal-strategic-accounts/,2026-04-27 12:29:42
Sales Development Representative,Ramp,US,Sales,Full-Time,,"Non-Tech, Sales Representative",2026-04-27,https://nodesk.co/remote-jobs/ramp-sales-development-representative/,2026-04-27 12:29:42
"Account Executive Mid-Market, Southern Europe (Spanish Speaking)",Atlassian,"France, Poland, UK",Sales,Full-Time,,"Account Executive, Non-Tech, Spanish",2026-04-27,https://nodesk.co/remote-jobs/atlassian-account-executive-mid-market-southern-europe-spanish-speaking/,2026-04-27 12:29:42
Sales Enablement Manager,Deel,US,Sales,Full-Time,,"Non-Tech, Sales Manager",2026-04-27,https://nodesk.co/remote-jobs/deel-sales-enablement-manager/,2026-04-27 12:29:42
University Grad | Sales Development Representative,Ramp,US,Sales,Full-Time,,"Entry-Level, Non-Tech, Sales Representative",2026-04-27,https://nodesk.co/remote-jobs/ramp-university-grad-sales-development-representative/,2026-04-27 12:29:42
Customer Growth Expert / Inside Sales Expert,Livestorm,Europe,Sales,Full-Time,€35K – €41K,"French, Non-Tech",2026-04-27,https://nodesk.co/remote-jobs/livestorm-customer-growth-expert-inside-sales-expert/,2026-04-27 12:29:42
"Sales Development Representative, UK or EMEA",Maze,"Portugal, UK",Sales,Full-Time,,"Non-Tech, Sales Representative",2026-04-27,https://nodesk.co/remote-jobs/maze-sales-development-representative-uk-or-emea/,2026-04-27 12:29:42
Sales Manager,MainStreet,US,Sales,Full-Time,,"Non-Tech, Sales Manager",2026-04-27,https://nodesk.co/remote-jobs/mainstreet-sales-manager/,2026-04-27 12:29:42
Account Manager Team Lead,Moodle,US,Sales,Full-Time,,"Account Manager, Non-Tech",2026-04-27,https://nodesk.co/remote-jobs/moodle-account-manager-team-lead/,2026-04-27 12:29:42
Business Development Representative,Postscript,North America,Sales,Full-Time,$50K,"Business Development, Non-Tech",2026-04-27,https://nodesk.co/remote-jobs/postscript-business-development-representative/,2026-04-27 12:29:42
Outbound Business Development Representative (BDR),Customer.io,EMEA,Sales,Full-Time,$65K,"Business Development, Non-Tech",2026-04-27,https://nodesk.co/remote-jobs/customer-io-outbound-business-development-representative-bdr/,2026-04-27 12:29:42
Renewal Operations Manager,Zoom,US,Sales,Full-Time,$76.8K – $186.2K,"Non-Tech, Operations Manager",2026-04-27,https://nodesk.co/remote-jobs/zoom-renewal-operations-manager/,2026-04-27 12:29:42
Startup Partner - Northern Europe,Stripe,Sweden,Sales,Full-Time,,Non-Tech,2026-04-27,https://nodesk.co/remote-jobs/stripe-startup-partner-northern-europe/,2026-04-27 12:29:42
Sr./Lead Channel Account Manager,Help Scout,Worldwide,Sales,Full-Time,$172K – $183K,"Account Manager, Non-Tech",2026-04-27,https://nodesk.co/remote-jobs/help-scout-sr-lead-channel-account-manager/,2026-04-27 12:29:42
"Strategic Account Executive, Media Intelligence",Muck Rack,US,Sales,Full-Time,,"Account Executive, Non-Tech",2026-04-27,https://nodesk.co/remote-jobs/muck-rack-strategic-account-executive-media-intelligence/,2026-04-27 12:29:42
AI Growth Specialist (BDR),Descript,US,Sales,Full-Time,,"AI, Non-Tech",2026-04-27,https://nodesk.co/remote-jobs/descript-ai-growth-specialist-bdr/,2026-04-27 12:29:42
"Staff Backend Engineer (AI), Verify",GitLab,"Canada, Ireland, Netherlands, UK, US",Sales,Full-Time,,"AI, Backend Engineer, Engineer",2026-04-27,https://nodesk.co/remote-jobs/gitlab-staff-backend-engineer-ai-verify/,2026-04-27 12:29:42
Account Executive - Benelux,Instructure,UK,Sales,Full-Time,,"Account Executive, Non-Tech",2026-04-27,https://nodesk.co/remote-jobs/instructure-account-executive-benelux/,2026-04-27 12:29:42
"Strategic Account Executive, NAMER",CircleCI,US,Sales,Full-Time,$133K – $166K,"Account Executive, Non-Tech",2026-04-27,https://nodesk.co/remote-jobs/circleci-strategic-account-executive-namer/,2026-04-27 12:29:42
"Director, Business Development",DuckDuckGo,US,Sales,Full-Time,$243.8K,"Business Development, Non-Tech, Partnerships",2026-04-27,https://nodesk.co/remote-jobs/duckduckgo-director-business-development/,2026-04-27 12:29:42
Regional Account Manager,Acquia,Japan,Sales,Full-Time,,"Account Manager, Non-Tech",2026-04-27,https://nodesk.co/remote-jobs/acquia-regional-account-manager/,2026-04-27 12:29:42
Renewals Specialist EMEA (German),1Password,UK,Sales,Full-Time,,"German, Non-Tech",2026-04-27,https://nodesk.co/remote-jobs/1password-renewals-specialist-emea-german/,2026-04-27 12:29:42
Sales Manager,Maze,US,Sales,Full-Time,,"Non-Tech, Sales Manager",2026-04-27,https://nodesk.co/remote-jobs/maze-sales-development-manager/,2026-04-27 12:29:42
Strategic Account Executive,Chili Piper,PST - GMT+3,Sales,Full-Time,,"Account Executive, Non-Tech",2026-04-27,https://nodesk.co/remote-jobs/chili-piper-strategic-account-executive/,2026-04-27 12:29:42
"Head of Sales, EMEA",Dropbox,"Germany, Ireland, UK",Sales,Full-Time,,"Non-Tech, Sales Manager",2026-04-27,https://nodesk.co/remote-jobs/dropbox-head-of-sales-emea/,2026-04-27 12:29:42
Revenue Strategy and Operations Manager [M3],Sourcegraph,Worldwide,Sales,Full-Time,$119K,"Non-Tech, Operations Manager",2026-04-27,https://nodesk.co/remote-jobs/sourcegraph-revenue-strategy-and-operations-manager-m3/,2026-04-27 12:29:42
Senior Sales Executive (AMER),Oyster,"Canada, US",Sales,Full-Time,$95K – $100K,Non-Tech,2026-04-27,https://nodesk.co/remote-jobs/oyster-senior-sales-executive-amer/,2026-04-27 12:29:42
"Account Executive, Strategic Accounts",Airtable,US,Sales,Full-Time,$245K – $354K,"Account Executive, Non-Tech",2026-04-27,https://nodesk.co/remote-jobs/airtable-account-executive-strategic-accounts/,2026-04-27 12:29:42
Growth Manager,CareMessage,US,Sales,Full-Time,$120K,Non-Tech,2026-04-27,https://nodesk.co/remote-jobs/caremessage-growth-manager/,2026-04-27 12:29:42
"Account Executive, Enterprise - Nordics",Stripe,Sweden,Sales,Full-Time,,"Account Executive, Non-Tech",2026-04-27,https://nodesk.co/remote-jobs/stripe-account-executive-enterprise-nordics/,2026-04-27 12:29:42
Scout Search Quality Rater - English (United States),Welocalize,US,Other,Part-Time,,Non-Tech,2026-04-27,https://nodesk.co/remote-jobs/welocalize-scout-search-quality-rater-english-united-states/,2026-04-27 12:29:44
Bilingual French Generalist Evaluator Expert,Mercor,"Belgium, Canada, France, Switzerland",Other,Freelance,,"AI, French, Non-Tech",2026-04-27,https://nodesk.co/remote-jobs/mercor-bilingual-french-generalist-evaluator-expert/,2026-04-27 12:29:44
Search Generalist,Mercor,Worldwide,Other,Freelance,,"AI, Non-Tech",2026-04-27,https://nodesk.co/remote-jobs/mercor-search-generalist/,2026-04-27 12:29:44
Bilingual Spanish Generalist Evaluator Expert,Mercor,"Chile, Mexico, Spain, US",Other,Freelance,,"AI, Non-Tech, Spanish",2026-04-27,https://nodesk.co/remote-jobs/mercor-bilingual-spanish-generalist-evaluator-expert/,2026-04-27 12:29:44
Bilingual German Generalist Evaluator Expert,Mercor,"Austria, Germany, Switzerland",Other,Freelance,,"AI, German, Non-Tech",2026-04-27,https://nodesk.co/remote-jobs/mercor-bilingual-german-generalist-evaluator-expert/,2026-04-27 12:29:44
Survey - LifePoints (Canada),InnovateMR,Canada,Other,Freelance,,Non-Tech,2026-04-27,https://nodesk.co/remote-jobs/innovatemr-survey-lifepoints-canada/,2026-04-27 12:29:44
Survey - LifePoints (US),InnovateMR,US,Other,Freelance,,Non-Tech,2026-04-27,https://nodesk.co/remote-jobs/innovatemr-survey-lifepoints-us/,2026-04-27 12:29:44
Blockchain Jobs / Cryptocurrency Jobs,Cryptocurrency Jobs,Worldwide,Internship,Part-Time,,"Bitcoin, Blockchain, Cosmos, Crypto, Customer Support, DeFi, Design, Engineering, Ethereum, Marketing, Operations, Product, Sales",2026-04-27,https://nodesk.co/remote-jobs/blockchain-cryptocurrency-jobs/,2026-04-27 12:29:44
"EU Market Development, Climate",Stripe,Belgium,Other,Full-Time,,Non-Tech,2026-04-27,https://nodesk.co/remote-jobs/stripe-eu-market-development-climate/,2026-04-27 12:29:44
Data Analyst,Oddball,US,Other,Full-Time,$90K – $120K,"Data, Python, SQL",2026-04-27,https://nodesk.co/remote-jobs/oddball-data-analyst/,2026-04-27 12:29:44
"Data Engineer Intern, 2026 Summer Australia",Atlassian,Australia,Internship,,,"Data, Engineer, Entry-Level",2026-04-27,https://nodesk.co/remote-jobs/atlassian-data-engineer-intern-2026-summer-australia/,2026-04-27 12:29:44
Generalist Expert,Mercor,Worldwide,Other,Freelance,,"AI, Data",2026-04-27,https://nodesk.co/remote-jobs/mercor-generalist-expert/,2026-04-27 12:29:44
Staff Data Scientist,15Five,US,Other,Full-Time,$132.5K – $170.5K,Data Scientist,2026-04-27,https://nodesk.co/remote-jobs/15five-staff-data-scientist/,2026-04-27 12:29:44
AI Enablement Lead,Axios,US,Other,Full-Time,$130K – $165K,AI,2026-04-27,https://nodesk.co/remote-jobs/axios-ai-enablement-lead/,2026-04-27 12:29:44
"Senior Data Science Manager, Performance Marketing",Root Insurance,US,Other,Full-Time,$216K – $270K,Data Scientist,2026-04-27,https://nodesk.co/remote-jobs/root-insurance-senior-data-science-manager-performance-marketing/,2026-04-27 12:29:44
"Data Analyst, Product",GitLab,North America,Other,Full-Time,$78.4K – $168K,"Data, Product, SQL",2026-04-27,https://nodesk.co/remote-jobs/gitlab-data-analyst-product/,2026-04-27 12:29:44
"Senior Data Scientist, Revenue and Business",Mozilla,US,Other,Full-Time,,"Data, Data Scientist",2026-04-27,https://nodesk.co/remote-jobs/mozilla-senior-data-scientist-revenue-and-business/,2026-04-27 12:29:44
"Data Scientist, Growth",Eight Sleep,US,Other,Full-Time,,Data Scientist,2026-04-27,https://nodesk.co/remote-jobs/eight-sleep-data-scientist-growth/,2026-04-27 12:29:44
English Conversation Partner for AI Training,Babel Audio,"Canada, US",Other,Contract,$30K – $40K,AI,2026-04-27,https://nodesk.co/remote-jobs/babel-audio-english-conversation-partner-for-ai-training/,2026-04-27 12:29:44
Senior Data Analyst,HubSpot,Ireland,Other,Full-Time,,Data,2026-04-27,https://nodesk.co/remote-jobs/hubspot-senior-data-analyst/,2026-04-27 12:29:44
"Data Analyst, Growth & Monetization - ChessKid",Chess.com,"Canada, US",Other,Full-Time,,"Data, SQL",2026-04-27,https://nodesk.co/remote-jobs/chess-com-data-analyst-growth-monetization-chesskid/,2026-04-27 12:29:44
"Data Science Intern, 2026 Summer Australia",Atlassian,Australia,Internship,,,"Data, Data Scientist, Entry-Level",2026-04-27,https://nodesk.co/remote-jobs/atlassian-data-science-intern-2026-summer-australia/,2026-04-27 12:29:44
Senior Investment Associate (Private Equity),Legalist,US,Other,Full-Time,,Finance,2026-04-27,https://nodesk.co/remote-jobs/legalist-senior-investment-associate-private-equity/,2026-04-27 12:29:44
Data Science Intern,Root Insurance,US,Internship,,,"Data Scientist, Entry-Level",2026-04-27,https://nodesk.co/remote-jobs/root-insurance-data-science-intern/,2026-04-27 12:29:44
Data Science Intern,Mercury,"Canada, US",Internship,,,"Data Scientist, Entry-Level",2026-04-27,https://nodesk.co/remote-jobs/mercury-data-science-intern/,2026-04-27 12:29:44
Remote Business Opportunity for Growth-Minded Individuals,Elevate Your Path,"Australia, Canada, Europe, New Zealand, UK, USA",Other,Contract,,Digital Marketing,2026-04-27,https://nodesk.co/remote-jobs/elevate-your-path-remote-business-opportunity-for-growth-minded-individuals/,2026-04-27 12:29:44
"Data Analyst, Growth",Eight Sleep,US,Other,Full-Time,,Data,2026-04-27,https://nodesk.co/remote-jobs/eight-sleep-data-analyst-growth/,2026-04-27 12:29:44
"Data Scientist, All Levels",Ramp,US,Other,Full-Time,$137.12K – $297.33K,"Data Scientist, SQL",2026-04-27,https://nodesk.co/remote-jobs/ramp-data-scientist-all-levels/,2026-04-27 12:29:44
Data Analyst,MailerLite,Worldwide,Other,Full-Time,$45K – $60K,Data,2026-04-27,https://nodesk.co/remote-jobs/mailerlite-data-analyst/,2026-04-27 12:29:44
Lead Data Scientist - Recommendations,Scribd,"Canada, US",Other,Full-Time,$133K – $252.5K,"Data, Data Scientist, Python, SQL",2026-04-27,https://nodesk.co/remote-jobs/scribd-lead-data-scientist-recommendations/,2026-04-27 12:29:44
Data Science Intern (Summer 2026),Dropbox,US,Internship,,,"Data Scientist, Entry-Level",2026-04-27,https://nodesk.co/remote-jobs/dropbox-data-science-intern-summer-2026/,2026-04-27 12:29:44
Solutions Consultant Intern (Summer 2026),Dropbox,Ireland,Internship,,,Entry-Level,2026-04-27,https://nodesk.co/remote-jobs/dropbox-solutions-consultant-intern-summer-2026/,2026-04-27 12:29:44
"Senior Data Analyst, B2B Analytics",Omada Health,US,Other,Full-Time,$136.4K – $178.3K,Data,2026-04-27,https://nodesk.co/remote-jobs/omada-health-senior-data-analyst-b2b-analytics/,2026-04-27 12:29:44
Senior Customer and Industry Insights Analyst,Boulevard,US,Other,Full-Time,$120.75K – $172.5K,"Data, Python, SQL",2026-04-27,https://nodesk.co/remote-jobs/boulevard-senior-customer-and-industry-insights-analyst/,2026-04-27 12:29:44
"Senior Data Analyst, Growth Marketing Analytics",Omada Health,US,Other,Full-Time,$136.4K – $178.3K,"Data, Growth Marketing",2026-04-27,https://nodesk.co/remote-jobs/omada-health-senior-data-analyst-growth-marketing-analytics/,2026-04-27 12:29:44
Web3 Jobs,Cryptocurrency Jobs,Worldwide,Internship,Part-Time,,"Bitcoin, Blockchain, Cosmos, Crypto, Customer Support, DeFi, Design, Engineering, Ethereum, Marketing, Operations, Product, Sales",2026-04-27,https://nodesk.co/remote-jobs/cryptocurrency-jobs-web3-jobs/,2026-04-27 12:29:44
"Senior Manager, Institutional Giving",350,Worldwide,Other,Full-Time,,"Non-Tech, Nonprofit",2026-04-27,https://nodesk.co/remote-jobs/350-senior-manager-institutional-giving/,2026-04-27 12:29:44
"Senior Data Scientist, Learner Experience",Khan Academy,"Canada, US",Other,Full-Time,$137.871K – $155.105K,"Data, Data Scientist, Nonprofit",2026-04-27,https://nodesk.co/remote-jobs/khan-academy-senior-data-scientist-learner-experience/,2026-04-27 12:29:44
Finance Expert,Mercor,"Australia, Canada, Dubai, Europe, Singapore, UK, US",Other,Contract,,"Finance, Non-Tech",2026-04-27,https://nodesk.co/remote-jobs/mercor-finance-expert/,2026-04-27 12:29:44
Survey - Real-time Online US,InnovateMR,US,Other,Freelance,,Non-Tech,2026-04-27,https://nodesk.co/remote-jobs/innovatemr-survey-real-time-online-us/,2026-04-27 12:29:44
Digital Annotation Expert,Mercor,"Australia, Canada, UK, US",Other,Contract,,Non-Tech,2026-04-27,https://nodesk.co/remote-jobs/mercor-digital-annotation-expert/,2026-04-27 12:29:44
Senior Product Data Analyst,Boulevard,US,Other,Full-Time,$120.75K – $172.5K,"Data, Product",2026-04-27,https://nodesk.co/remote-jobs/boulevard-senior-product-data-analyst/,2026-04-27 12:29:44
Remote Internet Search Evaluator,Welocalize,US,Other,Part-Time,,Non-Tech,2026-04-27,https://nodesk.co/remote-jobs/welocalize-remote-internet-search-evaluator/,2026-04-27 12:29:44
"Editors, Fact Checkers, & Data Quality Reviewer",Mercor,"Canada, UK, US",Other,Full-Time,,Non-Tech,2026-04-27,https://nodesk.co/remote-jobs/mercor-editors-fact-checkers-data-quality-reviewer/,2026-04-27 12:29:44
Senior Data Analyst,Uberall,Worldwide,Other,Full-Time,,"Data, SQL",2026-04-27,https://nodesk.co/remote-jobs/uberall-senior-data-analyst/,2026-04-27 12:29:44
Digital Shopper Survey (US),Shopper's Voice,US,Other,Freelance,,Non-Tech,2026-04-27,https://nodesk.co/remote-jobs/shoppers-voice-digital-shopper-survey-us/,2026-04-27 12:29:44
"AI Trainer, LLM",Anuttacon,Worldwide,Other,Freelance,$50K,,2026-04-27,https://nodesk.co/remote-jobs/anuttacon-ai-trainer-llm/,2026-04-27 12:29:44
AI Trainer,Anuttacon,Worldwide,Other,Freelance,,,2026-04-27,https://nodesk.co/remote-jobs/anuttacon-ai-trainer/,2026-04-27 12:29:44
Director of Data,Wikimedia Foundation,UTC-8 to UTC+3,Other,Full-Time,$179.376K – $279.262K,"Data, Nonprofit",2026-04-27,https://nodesk.co/remote-jobs/wikimedia-foundation-director-of-data/,2026-04-27 12:29:44
Survey Voice Contributor (DE),TopSurveys,Germany,Other,Freelance,,Non-Tech,2026-04-27,https://nodesk.co/remote-jobs/topsurveys-survey-voice-contributor-de/,2026-04-27 12:29:44
